id_usuario,id_estabelecimento,data_compra,valor_total,metodo_pagamento,id_compra
43,10,2024-10-26 23:55:12.880493,64.16,Pix,1
93,15,2024-10-23 15:40:16.536278,61.46,Dinheiro,2
53,6,2025-04-26 01:08:17.533437,81.68,Dinheiro,3
17,4,2025-04-13 02:40:46.595989,85.25,Pix,4
87,12,2025-08-25 13:43:58.151490,180.76,Cartão,5
39,7,2024-10-26 16:01:40.254400,110.49,Dinheiro,6
37,4,2024-11-05 12:28:43.740602,87.12,Cartão,7
84,6,2025-07-20 15:34:58.314874,94.07,Cartão,8
28,9,2025-01-20 09:32:38.901249,95.69,Pix,9
95,3,2025-03-19 20:15:07.149163,132.45,Dinheiro,10
85,11,2025-03-30 09:25:46.718049,124.61,Dinheiro,11
97,4,2024-10-27 20:31:36.996663,135.21,Dinheiro,12
26,3,2025-03-11 19:06:34.735841,6.84,Dinheiro,13
61,10,2024-11-22 16:46:13.507420,170.25,Dinheiro,14
54,15,2024-09-12 13:27:17.887886,126.69,Dinheiro,15
90,7,2024-10-04 12:18:58.942147,99.89,Dinheiro,16
84,12,2024-10-08 13:24:33.148734,3.1,Pix,17
99,15,2024-12-29 00:45:47.679032,23.1,Cartão,18
23,13,2025-02-20 05:49:17.229810,191.68,Cartão,19
7,9,2025-08-21 09:33:27.035727,51.34,Pix,20
59,3,2024-09-20 19:05:02.083441,160.68,Cartão,21
72,10,2025-07-06 17:25:01.200817,64.82,Pix,22
57,10,2024-12-02 04:45:44.332255,163.37,Pix,23
55,14,2024-12-13 22:41:37.904124,181.56,Cartão,24
21,12,2025-03-21 21:21:05.113058,172.58,Cartão,25
97,4,2025-07-14 12:06:37.414598,168.29,Dinheiro,26
100,9,2025-03-27 08:43:51.555287,97.95,Dinheiro,27
57,2,2024-11-24 13:57:28.058902,143.28,Dinheiro,28
43,6,2024-10-23 09:07:09.862133,178.82,Dinheiro,29
20,4,2025-07-10 02:16:03.799984,77.84,Dinheiro,30
28,2,2024-10-02 19:55:17.642972,84.14,Dinheiro,31
60,7,2025-08-23 17:27:07.285340,14.33,Pix,32
50,15,2025-02-17 06:48:25.431844,154.42,Pix,33
3,14,2024-10-03 14:36:21.623807,176.37,Cartão,34
62,1,2024-12-10 08:03:48.021907,188.66,Dinheiro,35
50,14,2025-02-03 18:27:47.877455,178.55,Pix,36
69,12,2025-03-30 20:03:37.392721,147.46,Pix,37
29,8,2024-10-09 18:04:01.841755,45.45,Cartão,38
4,7,2025-07-24 02:48:13.523640,68.55,Cartão,39
52,12,2025-05-02 16:38:00.836634,34.68,Cartão,40
17,10,2025-08-19 09:58:22.881320,107.76,Pix,41
76,10,2025-09-06 09:53:08.318868,133.27,Dinheiro,42
55,3,2025-02-27 08:44:59.432664,173.64,Dinheiro,43
34,7,2025-07-11 02:04:13.931872,66.82,Cartão,44
44,13,2024-10-26 04:42:40.098264,176.17,Dinheiro,45
54,5,2025-02-02 08:54:30.784860,167.31,Cartão,46
96,9,2024-12-21 18:34:38.160451,12.31,Pix,47
29,11,2025-04-04 07:02:35.001486,15.59,Pix,48
6,13,2025-03-07 18:50:59.851491,8.14,Dinheiro,49
3,10,2025-03-17 17:37:08.533390,32.17,Dinheiro,50
86,2,2025-02-01 09:19:51.026443,113.67,Dinheiro,51
90,5,2024-10-15 10:24:45.026720,153.85,Dinheiro,52
78,12,2025-01-13 09:37:09.451040,144.23,Pix,53
21,5,2025-02-10 05:16:37.306168,23.4,Dinheiro,54
40,10,2024-10-16 23:01:06.715370,136.11,Pix,55
51,12,2024-11-09 21:45:58.685155,41.27,Cartão,56
81,4,2025-06-27 17:37:15.868918,22.18,Pix,57
88,10,2024-11-05 07:36:21.595123,161.49,Pix,58
73,13,2024-10-07 19:14:12.036788,10.13,Cartão,59
85,6,2025-07-05 20:20:17.528855,15.65,Cartão,60
2,14,2024-12-29 17:52:54.336210,85.17,Cartão,61
56,6,2025-02-26 01:11:31.389521,127.85,Pix,62
91,3,2025-03-14 22:26:08.698370,88.23,Pix,63
84,5,2025-04-21 21:06:04.352511,123.95,Pix,64
100,8,2025-02-13 06:32:01.945210,94.05,Pix,65
76,5,2025-03-03 00:13:11.374428,65.82,Dinheiro,66
12,5,2025-01-13 23:55:05.350797,176.56,Dinheiro,67
60,10,2025-07-14 00:54:39.723193,122.85,Dinheiro,68
4,8,2025-01-14 10:30:12.635517,170.49,Dinheiro,69
28,6,2024-09-30 19:45:49.145486,159.97,Dinheiro,70
77,12,2025-08-04 06:34:15.573539,176.26,Cartão,71
67,4,2025-02-24 14:14:00.167254,18.95,Pix,72
63,9,2025-01-10 07:56:26.188248,152.12,Cartão,73
83,12,2024-12-13 18:53:46.049075,99.18,Pix,74
12,5,2025-02-25 06:59:51.150757,45.88,Cartão,75
40,11,2024-11-05 06:18:12.408774,117.15,Cartão,76
68,6,2025-02-14 07:26:05.016489,86.25,Pix,77
43,6,2025-03-18 01:18:44.665035,141.17,Dinheiro,78
33,4,2025-01-01 08:26:17.836395,25.89,Dinheiro,79
16,12,2024-12-19 00:29:14.002712,108.1,Pix,80
24,4,2025-03-19 22:11:07.440128,44.84,Cartão,81
93,10,2024-10-30 18:16:18.136138,195.37,Cartão,82
37,2,2025-08-03 09:51:35.197891,166.86,Dinheiro,83
47,3,2025-03-06 22:37:23.152271,61.85,Pix,84
17,5,2025-07-26 12:00:13.929627,11.01,Dinheiro,85
38,12,2025-07-17 18:37:43.031787,188.93,Cartão,86
97,8,2024-10-01 10:15:33.551160,22.31,Dinheiro,87
37,8,2025-05-25 22:17:36.021901,96.79,Dinheiro,88
7,5,2025-02-04 15:15:29.891016,188.33,Cartão,89
9,7,2024-11-22 09:25:43.055002,99.37,Cartão,90
88,1,2025-06-12 23:13:19.289871,32.04,Pix,91
39,2,2025-06-25 06:08:24.792847,198.8,Dinheiro,92
98,7,2024-11-28 05:00:47.186441,122.05,Pix,93
29,13,2025-02-17 08:42:39.577025,105.47,Cartão,94
57,5,2025-08-30 20:00:38.556232,172.31,Pix,95
40,10,2025-04-29 18:48:34.824763,124.96,Cartão,96
95,2,2025-06-23 22:01:14.102237,189.62,Dinheiro,97
28,5,2025-08-19 16:02:24.160579,132.76,Dinheiro,98
23,9,2024-09-26 15:10:20.299714,16.86,Dinheiro,99
58,12,2024-12-09 06:30:33.972420,119.57,Dinheiro,100
30,5,2025-02-06 15:38:43.662894,141.98,Pix,101
59,2,2025-03-19 03:48:48.235595,138.1,Pix,102
81,10,2025-07-08 07:54:32.586425,132.91,Pix,103
55,2,2025-05-11 11:35:56.952466,109.82,Cartão,104
35,14,2025-04-28 21:22:46.595617,30.16,Dinheiro,105
40,10,2025-02-26 23:50:13.918724,150.29,Cartão,106
37,8,2024-10-05 13:44:47.054409,26.62,Cartão,107
90,7,2025-05-11 10:59:17.009405,188.65,Cartão,108
64,8,2024-10-30 14:24:55.594535,17.93,Dinheiro,109
56,12,2024-10-18 15:14:55.602828,65.82,Dinheiro,110
12,4,2025-06-28 16:58:44.199344,192.46,Pix,111
74,10,2025-01-29 18:49:00.163657,190.26,Pix,112
87,14,2025-07-21 12:43:49.652264,55.36,Dinheiro,113
97,3,2024-12-08 11:43:07.310813,95.16,Cartão,114
36,3,2025-04-07 01:26:23.657156,199.4,Cartão,115
63,2,2024-11-20 04:17:25.505385,95.06,Cartão,116
42,11,2025-08-09 03:30:04.248438,22.71,Dinheiro,117
53,12,2025-09-01 05:15:53.523633,100.1,Cartão,118
52,14,2025-07-18 23:14:01.420141,152.58,Dinheiro,119
12,6,2025-03-20 13:39:20.770305,51.97,Dinheiro,120
99,7,2025-04-23 20:24:17.818719,173.25,Pix,121
1,11,2024-09-26 13:51:54.069473,174.13,Cartão,122
7,4,2024-11-02 08:36:28.683680,104.65,Cartão,123
64,11,2025-05-07 14:55:09.087242,89.52,Dinheiro,124
35,9,2025-03-22 03:41:36.254592,27.94,Dinheiro,125
90,8,2025-06-12 08:24:25.870440,26.04,Pix,126
78,13,2024-11-27 12:12:16.223911,49.38,Dinheiro,127
71,1,2024-11-25 12:53:31.016432,111.35,Dinheiro,128
15,8,2025-01-13 04:25:35.548753,189.52,Cartão,129
20,8,2025-01-23 07:59:19.662832,186.67,Dinheiro,130
91,5,2025-07-12 20:24:18.353496,84.27,Cartão,131
61,4,2025-07-07 05:08:14.138538,92.44,Dinheiro,132
25,15,2025-05-28 20:07:56.782833,120.68,Pix,133
18,14,2025-04-11 12:02:44.283768,15.82,Pix,134
54,6,2025-05-10 16:24:36.718482,186.98,Cartão,135
1,5,2025-03-26 18:57:48.966146,145.76,Pix,136
75,11,2024-09-22 13:36:08.000643,98.95,Dinheiro,137
69,8,2025-06-30 16:16:54.039146,70.33,Cartão,138
70,7,2025-06-17 20:54:58.890606,92.16,Dinheiro,139
25,12,2024-12-30 15:31:00.438625,49.28,Dinheiro,140
100,7,2025-01-07 07:30:42.412837,10.64,Pix,141
91,15,2024-10-07 11:15:30.029691,162.66,Dinheiro,142
85,13,2025-06-26 04:25:47.799849,164.51,Pix,143
64,1,2025-06-13 16:36:37.612439,27.0,Pix,144
43,14,2024-12-25 23:10:18.251861,21.87,Pix,145
13,9,2025-06-21 00:42:37.799618,182.27,Dinheiro,146
19,7,2025-06-24 14:58:11.036956,174.44,Pix,147
10,8,2025-04-21 14:56:17.312401,156.74,Dinheiro,148
80,12,2024-12-15 14:22:16.629843,80.7,Dinheiro,149
43,14,2024-11-13 19:52:30.992988,135.52,Cartão,150
41,11,2025-08-09 22:56:51.342842,144.31,Pix,151
70,1,2025-07-18 06:52:01.570459,124.26,Dinheiro,152
88,15,2025-05-14 22:58:37.687563,58.9,Dinheiro,153
12,7,2025-05-17 13:46:34.469729,195.71,Pix,154
91,14,2025-08-03 19:24:04.246786,21.9,Dinheiro,155
39,15,2024-10-01 07:41:24.623849,7.73,Dinheiro,156
8,5,2025-04-19 04:18:20.189865,72.98,Cartão,157
32,9,2025-01-01 11:55:23.641346,83.59,Cartão,158
24,3,2025-08-06 01:29:21.094345,36.66,Cartão,159
49,10,2025-07-07 20:13:05.443276,137.26,Cartão,160
75,3,2025-09-10 00:23:31.968050,47.97,Cartão,161
59,5,2025-06-26 04:03:22.283191,134.03,Pix,162
60,15,2024-12-12 19:47:13.447921,58.95,Cartão,163
10,8,2025-03-01 03:04:42.157858,189.16,Pix,164
39,11,2025-08-05 22:11:56.535715,192.48,Cartão,165
59,14,2024-11-14 16:45:34.851815,61.82,Pix,166
62,2,2025-05-02 16:51:15.713313,48.97,Cartão,167
74,5,2024-10-27 21:35:08.865417,198.55,Dinheiro,168
85,7,2025-03-13 12:09:46.349648,56.35,Cartão,169
88,13,2024-12-21 18:20:17.092313,149.44,Dinheiro,170
78,12,2024-09-18 15:14:55.350770,100.35,Pix,171
37,13,2025-05-09 13:43:29.506466,160.17,Cartão,172
46,4,2024-10-26 09:08:13.475893,128.05,Cartão,173
87,13,2024-10-13 09:55:09.653793,144.74,Cartão,174
18,11,2024-11-01 05:55:07.088958,21.24,Cartão,175
6,5,2025-02-16 01:13:13.363897,158.14,Dinheiro,176
47,12,2025-06-10 08:33:01.624877,28.02,Pix,177
42,12,2025-08-13 19:31:14.798655,84.27,Dinheiro,178
70,15,2025-04-28 20:09:28.083571,194.35,Cartão,179
35,14,2025-08-13 20:05:33.483844,34.58,Pix,180
62,13,2024-12-07 03:48:17.536584,60.44,Pix,181
15,8,2024-10-25 21:03:58.667835,192.65,Dinheiro,182
29,14,2024-12-30 18:07:52.583153,135.91,Cartão,183
51,14,2025-05-11 08:34:00.471936,161.31,Dinheiro,184
51,1,2025-09-03 23:05:49.880226,54.36,Dinheiro,185
48,11,2025-03-28 01:18:42.635334,150.3,Dinheiro,186
49,14,2024-11-02 10:47:39.133282,128.43,Dinheiro,187
87,4,2025-04-22 11:27:24.150237,95.35,Cartão,188
72,6,2025-08-30 19:05:43.931221,183.22,Dinheiro,189
9,11,2024-12-06 07:58:57.810377,165.12,Pix,190
39,11,2025-05-30 10:39:25.209545,82.84,Dinheiro,191
5,5,2025-03-12 15:40:59.376589,199.19,Dinheiro,192
31,15,2025-06-26 02:30:59.598987,108.43,Dinheiro,193
48,11,2024-09-18 09:37:01.534998,189.98,Cartão,194
70,7,2024-10-23 13:03:22.833398,118.29,Pix,195
54,11,2025-06-13 13:03:14.125028,21.61,Cartão,196
53,5,2025-01-13 09:37:21.507354,8.48,Dinheiro,197
57,8,2025-07-15 05:58:35.445045,190.21,Pix,198
13,11,2024-10-07 10:53:46.768206,74.73,Pix,199
83,6,2024-11-09 00:46:04.500279,13.99,Dinheiro,200
16,14,2024-09-26 18:29:16.114341,165.19,Dinheiro,201
28,11,2025-01-07 04:05:13.635626,128.62,Pix,202
7,13,2024-11-02 22:41:04.976569,68.03,Pix,203
73,4,2025-06-16 21:44:38.375941,15.58,Pix,204
27,10,2025-08-01 12:30:34.206841,44.76,Pix,205
43,13,2024-09-25 15:11:25.969208,31.22,Pix,206
1,5,2025-01-17 15:31:30.797760,171.96,Dinheiro,207
17,9,2025-02-14 06:49:52.840542,51.63,Dinheiro,208
85,14,2025-04-02 15:27:14.163720,7.1,Dinheiro,209
31,10,2025-07-12 09:41:51.840638,66.11,Dinheiro,210
7,3,2024-09-16 01:37:48.824389,148.86,Cartão,211
96,2,2024-09-28 17:23:49.518218,96.3,Pix,212
66,10,2024-10-24 02:38:11.449298,23.59,Cartão,213
79,1,2025-07-07 03:52:10.346381,145.99,Pix,214
85,9,2025-03-05 15:29:43.118677,61.72,Cartão,215
4,1,2025-01-16 09:32:25.357562,199.72,Pix,216
55,11,2025-08-23 22:34:57.877752,23.38,Pix,217
57,2,2025-02-10 09:54:19.681150,180.05,Dinheiro,218
19,2,2024-12-20 07:49:15.350254,26.99,Cartão,219
75,9,2025-04-13 15:16:59.283339,143.01,Dinheiro,220
77,9,2024-10-17 02:05:27.122478,60.39,Cartão,221
56,2,2025-01-02 09:22:51.830388,159.03,Dinheiro,222
84,11,2024-12-07 09:30:44.859207,175.79,Cartão,223
28,7,2025-01-11 05:37:22.752861,91.41,Dinheiro,224
44,14,2024-12-14 16:34:09.036819,91.79,Cartão,225
13,6,2025-07-15 17:15:58.533609,86.5,Cartão,226
48,3,2025-08-16 13:42:51.091893,137.99,Cartão,227
12,14,2025-05-09 03:42:54.491510,18.9,Cartão,228
96,12,2025-02-11 07:47:18.287579,75.78,Dinheiro,229
8,10,2025-06-06 15:05:10.715591,191.41,Cartão,230
86,2,2025-02-26 13:21:39.757147,83.34,Pix,231
97,7,2025-05-25 07:54:03.628902,173.88,Pix,232
37,10,2025-08-07 21:43:52.784575,63.86,Dinheiro,233
65,4,2025-01-18 17:14:03.908247,32.64,Cartão,234
14,6,2024-10-08 16:35:01.378210,169.38,Dinheiro,235
98,5,2025-03-20 05:32:36.737916,115.67,Pix,236
72,13,2025-08-01 17:34:18.165317,164.05,Cartão,237
83,9,2025-02-27 19:33:13.304018,7.2,Pix,238
89,5,2025-04-19 07:27:25.130534,7.73,Dinheiro,239
98,5,2025-04-05 10:59:45.747664,184.46,Dinheiro,240
24,14,2025-04-10 04:52:16.038603,30.36,Cartão,241
9,3,2024-12-28 05:53:04.201073,148.71,Pix,242
12,12,2024-10-18 20:07:52.822656,107.04,Dinheiro,243
59,6,2025-03-12 19:51:40.722543,33.17,Dinheiro,244
42,13,2025-04-14 05:59:16.853582,188.4,Cartão,245
7,3,2025-07-23 10:29:16.147117,33.17,Cartão,246
87,2,2025-03-20 20:19:36.839257,55.88,Cartão,247
63,10,2025-04-18 12:46:56.720743,89.52,Dinheiro,248
97,9,2025-08-10 03:52:46.625979,24.54,Cartão,249
37,11,2024-09-25 15:02:14.938178,136.34,Cartão,250
86,5,2025-07-02 07:36:15.163822,10.99,Dinheiro,251
77,1,2024-11-04 00:09:06.867084,3.52,Dinheiro,252
28,13,2025-08-22 16:45:41.000392,29.17,Dinheiro,253
42,2,2025-04-17 01:51:08.354755,3.53,Pix,254
23,3,2024-12-31 18:19:28.894724,77.28,Pix,255
65,9,2025-06-16 12:27:46.717493,167.0,Pix,256
10,7,2024-12-29 03:30:11.177286,172.63,Dinheiro,257
3,8,2025-02-14 22:43:46.253055,184.39,Pix,258
74,7,2024-10-18 08:00:35.266533,115.53,Pix,259
54,5,2024-11-20 11:49:12.135024,24.8,Dinheiro,260
42,3,2025-06-29 07:27:03.414351,160.66,Cartão,261
89,15,2025-02-02 21:26:07.868756,73.65,Cartão,262
14,4,2025-05-21 15:48:10.284017,88.26,Cartão,263
11,7,2025-01-29 23:03:09.233083,174.36,Pix,264
29,6,2025-05-24 23:06:44.850578,156.27,Dinheiro,265
82,2,2025-05-04 12:10:51.049111,107.06,Dinheiro,266
100,6,2025-01-24 03:35:16.118147,71.52,Pix,267
83,14,2025-03-01 20:47:38.754828,31.24,Dinheiro,268
33,4,2025-01-24 19:55:58.829478,36.35,Dinheiro,269
98,11,2024-09-29 12:07:29.920976,16.92,Pix,270
81,8,2025-09-10 14:51:04.885132,93.86,Cartão,271
75,8,2025-08-26 00:03:19.263579,136.86,Pix,272
83,11,2025-02-02 02:01:22.545624,197.33,Dinheiro,273
81,6,2025-02-26 11:11:06.648854,31.89,Dinheiro,274
57,11,2025-04-18 11:34:16.257172,61.96,Dinheiro,275
8,6,2025-02-07 05:57:50.762104,102.45,Dinheiro,276
58,1,2024-12-28 05:47:12.683300,13.26,Pix,277
10,11,2025-06-23 08:18:03.457476,173.12,Pix,278
79,10,2025-05-14 15:04:09.813326,102.4,Cartão,279
71,13,2025-02-06 09:09:20.499447,148.31,Dinheiro,280
74,11,2025-08-14 13:03:44.858201,39.27,Cartão,281
65,3,2024-11-06 17:54:05.879351,191.63,Cartão,282
44,12,2024-11-15 00:00:43.498113,18.7,Cartão,283
6,4,2025-04-30 05:57:44.179245,142.11,Pix,284
68,9,2024-10-27 00:12:40.284401,122.74,Dinheiro,285
37,7,2024-09-22 19:38:49.347766,82.94,Dinheiro,286
77,1,2025-06-11 22:33:00.025402,158.27,Cartão,287
9,6,2025-01-06 08:25:10.949658,20.71,Cartão,288
37,5,2025-04-13 18:03:18.092332,145.3,Cartão,289
78,14,2025-06-25 15:14:50.075935,31.77,Dinheiro,290
85,3,2024-10-21 11:31:46.120599,183.52,Dinheiro,291
84,12,2024-10-29 15:04:46.665967,133.1,Dinheiro,292
91,2,2025-08-22 05:35:21.619326,63.3,Dinheiro,293
43,14,2025-08-23 20:52:48.416444,27.3,Pix,294
95,11,2025-08-21 21:42:16.548696,182.66,Dinheiro,295
86,7,2024-10-27 08:13:58.826819,102.68,Dinheiro,296
40,3,2024-10-30 12:10:16.259260,190.33,Dinheiro,297
99,8,2025-04-02 22:32:36.883620,40.02,Pix,298
20,2,2024-12-21 09:12:01.160593,60.57,Pix,299
65,13,2025-04-09 08:39:48.160975,108.87,Pix,300
68,1,2025-01-13 09:55:27.677099,133.06,Pix,301
80,3,2025-03-24 07:53:21.438797,120.25,Dinheiro,302
24,14,2025-04-28 22:59:18.266521,139.18,Cartão,303
22,12,2025-05-17 03:29:19.660864,88.66,Cartão,304
87,12,2025-03-15 18:02:20.654110,49.03,Cartão,305
37,13,2025-01-19 00:34:12.992228,150.21,Cartão,306
69,4,2025-01-07 18:11:45.998198,63.27,Pix,307
61,15,2025-07-13 04:12:55.301778,167.35,Dinheiro,308
74,8,2025-03-27 23:11:57.406343,93.41,Dinheiro,309
49,9,2024-10-07 19:47:20.558905,106.44,Pix,310
26,13,2025-07-21 20:44:08.104652,121.72,Pix,311
7,11,2025-06-07 10:27:17.732150,97.16,Dinheiro,312
14,12,2025-01-02 04:13:03.334104,169.49,Pix,313
37,2,2024-10-25 17:58:07.894901,153.1,Dinheiro,314
66,3,2025-07-22 17:54:01.780963,166.55,Dinheiro,315
29,14,2025-03-25 17:34:52.666415,91.32,Dinheiro,316
4,7,2025-01-02 01:01:05.346862,12.54,Cartão,317
31,7,2025-06-11 11:50:12.788236,198.92,Dinheiro,318
4,6,2025-04-18 14:00:36.288070,186.3,Pix,319
84,6,2025-01-17 16:03:32.672238,158.69,Dinheiro,320
37,15,2025-04-13 03:26:49.208991,166.29,Cartão,321
18,13,2024-12-28 22:53:58.393736,141.7,Cartão,322
1,15,2024-12-20 07:05:36.447804,17.69,Dinheiro,323
20,9,2025-03-03 05:04:01.218927,188.16,Cartão,324
55,2,2025-06-18 19:37:11.830003,155.68,Dinheiro,325
16,1,2025-01-06 09:12:33.994752,49.21,Cartão,326
80,8,2024-11-05 10:00:37.439395,14.44,Pix,327
64,10,2024-10-27 22:41:09.132105,108.14,Cartão,328
74,4,2025-05-15 04:52:21.319844,144.27,Dinheiro,329
1,10,2025-05-01 00:39:14.229199,71.86,Cartão,330
24,11,2025-07-23 07:36:33.492471,134.31,Cartão,331
47,2,2025-01-28 06:18:03.277288,190.77,Cartão,332
65,9,2025-02-02 13:18:22.943570,6.03,Pix,333
6,11,2024-11-21 05:58:40.028162,78.6,Dinheiro,334
96,1,2025-05-25 19:00:39.506825,72.7,Dinheiro,335
31,12,2024-11-19 07:11:24.475056,132.11,Dinheiro,336
75,12,2025-07-22 23:15:38.038308,151.82,Dinheiro,337
46,9,2025-02-01 02:05:54.678726,69.03,Cartão,338
100,11,2024-11-11 08:12:24.820050,94.0,Cartão,339
81,3,2025-06-02 12:33:42.145370,162.68,Dinheiro,340
100,8,2025-01-05 05:30:39.502992,9.32,Dinheiro,341
26,15,2025-05-12 21:28:00.098891,10.3,Pix,342
66,7,2024-11-13 06:48:08.555455,197.85,Cartão,343
33,1,2025-01-17 04:30:59.004872,151.15,Dinheiro,344
46,14,2024-12-18 06:09:45.838334,156.61,Pix,345
43,5,2025-01-18 20:10:49.800188,26.65,Dinheiro,346
52,12,2024-09-22 20:30:20.678244,89.07,Pix,347
44,3,2025-05-29 15:53:56.420703,100.25,Cartão,348
67,5,2025-08-10 10:22:05.584567,160.63,Pix,349
11,7,2025-03-15 06:40:14.939243,121.29,Pix,350
70,5,2025-06-10 10:38:24.522519,65.6,Dinheiro,351
85,5,2024-10-30 12:55:14.586724,62.69,Cartão,352
55,3,2025-08-20 12:51:05.147892,138.57,Dinheiro,353
6,12,2025-02-24 19:43:31.482724,174.27,Dinheiro,354
56,5,2025-03-03 11:24:46.498519,128.61,Pix,355
8,2,2024-12-07 19:22:15.280341,134.89,Cartão,356
66,13,2025-01-22 18:41:50.674648,150.48,Dinheiro,357
4,3,2025-02-23 17:09:10.319175,170.04,Cartão,358
57,1,2025-03-07 09:27:30.287645,26.99,Dinheiro,359
83,6,2025-09-04 22:53:20.484748,73.71,Pix,360
5,10,2025-01-07 22:09:59.422584,32.38,Cartão,361
48,6,2025-03-12 06:15:56.468562,89.9,Dinheiro,362
18,9,2024-12-22 23:36:42.712041,74.66,Dinheiro,363
36,4,2024-11-03 05:08:38.481366,192.18,Dinheiro,364
24,8,2025-01-18 16:32:42.665949,104.51,Pix,365
16,5,2025-06-12 02:14:00.496884,155.44,Pix,366
28,10,2025-06-15 04:00:07.935108,58.54,Pix,367
63,4,2025-02-02 20:39:44.301809,26.28,Pix,368
58,3,2025-01-02 11:23:00.160786,179.94,Cartão,369
12,13,2025-03-31 13:21:14.606070,137.02,Pix,370
41,11,2024-12-15 01:35:25.997288,70.79,Dinheiro,371
70,5,2025-04-12 05:36:49.439936,178.48,Pix,372
92,12,2025-07-13 08:44:22.597751,185.61,Cartão,373
47,9,2025-06-26 04:43:59.673489,46.4,Pix,374
18,4,2025-04-05 02:19:22.420468,158.49,Dinheiro,375
71,10,2025-03-31 10:23:54.317089,75.04,Pix,376
71,3,2025-09-04 18:41:37.110531,123.17,Dinheiro,377
40,7,2025-05-09 14:29:20.498143,199.92,Pix,378
68,7,2025-02-04 10:11:52.396408,154.29,Pix,379
10,3,2025-07-10 11:01:24.973211,194.53,Cartão,380
58,8,2024-12-06 13:43:33.621572,136.66,Dinheiro,381
100,9,2024-10-08 22:51:31.832611,128.68,Dinheiro,382
17,7,2025-08-15 02:03:17.027560,101.57,Pix,383
16,9,2025-01-23 16:44:35.839367,32.3,Dinheiro,384
42,15,2025-05-30 20:56:42.923493,142.45,Dinheiro,385
67,15,2025-02-22 03:42:34.715560,58.24,Dinheiro,386
26,11,2024-10-23 00:14:14.215085,191.36,Dinheiro,387
81,5,2024-09-24 04:08:12.831167,123.66,Dinheiro,388
83,3,2025-06-22 11:49:45.355038,119.18,Cartão,389
22,11,2024-10-19 09:17:32.604391,125.65,Pix,390
44,14,2025-03-28 18:42:50.192881,184.94,Dinheiro,391
4,2,2025-05-15 05:52:54.438363,11.0,Cartão,392
74,5,2025-02-11 09:32:09.249211,130.92,Pix,393
54,10,2024-10-15 05:07:42.221556,128.52,Cartão,394
81,9,2025-03-20 18:04:43.640543,59.35,Pix,395
62,4,2024-10-08 09:17:46.848681,161.33,Cartão,396
39,8,2025-05-04 22:54:29.516361,16.45,Dinheiro,397
57,7,2024-09-24 17:37:57.830566,97.88,Dinheiro,398
78,3,2024-11-16 07:57:45.824527,63.89,Pix,399
94,14,2025-02-13 17:24:06.159269,70.38,Dinheiro,400
98,6,2024-10-15 10:31:49.896203,103.97,Dinheiro,401
31,8,2024-12-27 18:45:22.382469,26.26,Cartão,402
19,2,2025-01-11 20:51:10.258878,12.02,Pix,403
79,7,2024-10-10 00:59:00.921167,51.16,Pix,404
21,14,2024-10-17 12:35:39.365988,66.83,Cartão,405
41,4,2025-07-25 13:29:02.454350,153.1,Cartão,406
66,8,2024-11-19 10:11:36.735618,100.75,Dinheiro,407
3,2,2025-01-21 01:07:46.949656,189.16,Cartão,408
31,4,2025-05-15 13:09:45.115186,117.5,Dinheiro,409
37,8,2025-01-06 20:21:28.616821,120.31,Pix,410
87,8,2024-11-14 15:04:49.815623,58.58,Dinheiro,411
14,7,2024-10-28 12:46:14.708967,28.52,Dinheiro,412
47,13,2025-03-21 06:06:08.036652,81.84,Dinheiro,413
7,10,2024-12-19 15:02:47.708951,113.24,Dinheiro,414
37,2,2025-03-18 02:36:00.033639,78.5,Cartão,415
71,5,2024-12-09 14:28:57.994787,165.41,Cartão,416
79,2,2025-04-12 11:04:33.596246,27.48,Dinheiro,417
48,13,2024-09-26 07:26:39.702649,197.38,Cartão,418
47,13,2025-09-05 21:05:45.779104,30.56,Cartão,419
52,9,2025-07-07 16:28:57.348465,9.97,Dinheiro,420
92,6,2025-07-03 12:35:52.905824,161.19,Cartão,421
20,10,2024-12-23 12:23:09.123128,178.84,Dinheiro,422
79,6,2025-01-30 15:36:13.992638,34.18,Pix,423
95,14,2024-11-24 06:40:08.129236,61.25,Dinheiro,424
66,9,2024-12-21 21:31:08.352942,98.99,Cartão,425
61,14,2025-05-27 08:25:21.586131,5.29,Dinheiro,426
15,7,2025-05-07 15:43:01.922836,117.57,Pix,427
93,14,2024-12-01 03:26:33.537445,138.23,Dinheiro,428
61,5,2025-07-17 06:04:41.942699,193.48,Pix,429
100,10,2025-01-05 14:50:42.931224,116.37,Pix,430
75,8,2025-08-19 02:06:28.429675,35.76,Cartão,431
80,13,2025-02-21 20:55:57.490314,168.55,Dinheiro,432
88,4,2025-08-05 00:13:58.414320,8.25,Pix,433
15,4,2025-06-11 14:04:47.902161,5.75,Dinheiro,434
20,7,2025-07-18 01:30:04.484767,138.72,Cartão,435
100,10,2025-09-01 07:04:03.889940,184.26,Pix,436
95,12,2024-11-05 08:09:21.491791,14.33,Dinheiro,437
27,9,2024-10-23 13:09:17.904889,66.36,Cartão,438
68,7,2025-02-08 04:50:17.923951,64.12,Dinheiro,439
69,6,2025-01-16 13:11:04.445507,110.16,Cartão,440
93,11,2024-10-23 04:49:21.427233,129.38,Cartão,441
79,8,2025-05-04 08:35:09.924124,40.07,Dinheiro,442
72,5,2024-10-26 02:00:36.627195,46.52,Pix,443
39,13,2025-01-09 07:40:42.700371,59.22,Dinheiro,444
91,8,2024-12-29 16:39:19.970258,64.77,Dinheiro,445
93,5,2025-06-11 02:30:06.602381,58.98,Cartão,446
70,7,2024-11-10 22:17:39.859089,179.36,Dinheiro,447
45,13,2025-02-18 01:02:46.678773,161.31,Dinheiro,448
37,12,2025-09-03 09:40:17.665585,17.65,Pix,449
84,5,2025-09-12 15:42:27.362236,149.97,Dinheiro,450
69,5,2024-12-24 15:27:57.417887,186.74,Cartão,451
18,2,2025-06-20 08:15:12.353072,123.9,Cartão,452
32,1,2024-12-14 14:09:33.169057,134.63,Cartão,453
82,4,2025-03-09 12:03:29.314348,12.39,Cartão,454
92,8,2024-12-03 09:35:49.642957,21.91,Pix,455
1,9,2025-03-06 00:01:33.351931,195.63,Dinheiro,456
84,15,2025-02-17 08:19:45.550710,176.37,Cartão,457
84,4,2025-06-03 22:00:30.988689,151.67,Dinheiro,458
37,11,2024-11-22 01:30:34.896168,13.71,Pix,459
84,10,2025-01-06 10:42:37.047192,47.98,Pix,460
5,15,2024-11-18 10:02:22.596564,184.45,Cartão,461
23,15,2025-07-24 04:32:45.735083,184.09,Pix,462
51,13,2025-01-25 15:30:03.616332,100.09,Pix,463
38,15,2024-12-21 13:37:04.388852,9.42,Dinheiro,464
78,2,2024-11-12 15:04:29.079931,185.83,Dinheiro,465
59,11,2025-05-11 03:22:09.714679,109.57,Cartão,466
18,14,2024-10-29 11:08:12.750654,101.83,Dinheiro,467
15,6,2025-07-21 11:24:39.234671,34.17,Cartão,468
33,12,2025-01-29 15:29:57.543378,38.87,Pix,469
38,10,2025-08-24 11:45:56.778228,135.53,Dinheiro,470
79,14,2025-04-05 19:46:52.139348,128.47,Cartão,471
55,9,2025-06-20 13:37:25.306026,66.93,Cartão,472
13,3,2025-08-25 15:17:51.792683,196.37,Cartão,473
32,1,2025-04-27 10:24:43.066748,53.64,Dinheiro,474
97,5,2025-02-12 22:15:17.050592,190.9,Dinheiro,475
93,10,2025-07-16 12:24:54.919157,4.26,Cartão,476
89,4,2025-04-18 00:08:01.801803,14.3,Dinheiro,477
40,3,2025-08-03 02:36:16.124283,82.27,Cartão,478
91,13,2025-04-26 15:30:47.844984,63.57,Dinheiro,479
38,6,2025-04-25 11:19:54.325539,123.7,Dinheiro,480
18,8,2025-03-21 12:25:33.748050,32.33,Pix,481
78,6,2025-01-26 22:04:20.200118,84.34,Cartão,482
61,13,2025-07-12 19:24:22.829187,108.43,Cartão,483
28,13,2025-03-27 09:46:46.414751,51.0,Pix,484
11,9,2025-06-05 23:20:23.065349,90.46,Pix,485
10,15,2025-06-13 03:32:15.274222,113.71,Dinheiro,486
71,15,2024-12-09 10:45:27.235571,102.09,Cartão,487
20,3,2024-11-10 05:55:50.345217,66.97,Cartão,488
15,11,2024-11-22 18:23:10.388334,42.67,Cartão,489
12,15,2025-09-03 20:03:46.432418,103.05,Pix,490
59,3,2025-08-27 15:38:20.114309,103.62,Cartão,491
8,9,2024-10-27 15:03:48.073800,93.55,Pix,492
93,1,2025-07-02 22:18:50.271911,80.4,Pix,493
96,4,2025-06-04 23:18:48.361014,116.51,Dinheiro,494
45,12,2024-11-09 03:42:29.980842,14.62,Pix,495
9,15,2025-06-07 12:36:26.042286,95.47,Dinheiro,496
24,13,2024-11-28 01:25:20.913143,28.81,Cartão,497
94,11,2024-12-14 16:34:08.298905,192.83,Dinheiro,498
49,8,2024-10-03 14:21:51.241772,174.18,Pix,499
49,2,2025-08-24 21:29:55.360144,137.18,Cartão,500
70,3,2024-10-31 03:33:26.677511,131.4,Dinheiro,501
23,9,2025-01-01 18:45:04.062024,79.83,Dinheiro,502
29,14,2025-01-10 02:35:25.087461,2.69,Dinheiro,503
39,8,2024-12-21 17:02:02.418609,135.35,Cartão,504
69,7,2025-06-22 14:46:54.458076,165.03,Dinheiro,505
45,3,2025-09-01 16:34:58.796817,56.58,Pix,506
93,13,2025-05-18 05:19:25.466820,24.34,Pix,507
54,10,2025-09-03 20:49:35.398506,153.68,Pix,508
3,4,2025-07-29 06:52:56.249765,42.8,Dinheiro,509
5,8,2025-01-26 21:09:00.225235,120.36,Pix,510
7,4,2025-09-02 16:48:36.182772,148.63,Cartão,511
30,9,2025-02-15 14:55:15.413361,45.02,Pix,512
8,3,2025-08-12 19:03:30.319730,101.77,Dinheiro,513
94,10,2024-09-15 04:22:32.786092,65.14,Cartão,514
87,14,2025-06-05 22:43:35.892147,65.49,Dinheiro,515
19,11,2024-10-24 08:04:21.561796,105.21,Cartão,516
36,1,2025-02-12 10:29:42.439510,112.23,Cartão,517
95,15,2025-02-06 20:24:26.461822,36.68,Cartão,518
72,8,2025-01-20 10:17:23.273171,11.28,Dinheiro,519
83,11,2024-11-02 14:59:04.284552,77.47,Cartão,520
90,7,2024-12-09 02:09:32.913976,82.84,Dinheiro,521
24,13,2024-12-05 02:39:31.247160,108.51,Dinheiro,522
29,5,2025-03-30 20:10:37.691099,171.79,Dinheiro,523
60,15,2024-11-09 02:10:16.324834,13.41,Cartão,524
54,9,2024-11-03 07:41:38.686435,106.94,Dinheiro,525
33,4,2025-05-03 17:28:13.337049,67.39,Dinheiro,526
58,14,2024-11-16 06:58:49.798110,75.47,Cartão,527
25,1,2024-12-18 22:54:53.466973,55.16,Cartão,528
78,1,2025-05-27 06:44:22.541015,174.98,Dinheiro,529
98,10,2024-12-11 16:45:39.167680,145.41,Cartão,530
62,4,2025-02-05 13:57:27.895092,174.16,Dinheiro,531
2,4,2024-10-10 01:31:45.440538,187.56,Pix,532
16,12,2025-06-28 16:04:13.918151,199.92,Cartão,533
32,12,2025-04-27 13:33:19.186803,121.67,Dinheiro,534
31,9,2024-11-24 02:09:28.103994,65.68,Dinheiro,535
60,9,2024-09-23 06:36:12.459795,130.45,Dinheiro,536
47,9,2024-10-24 20:57:43.048898,176.8,Cartão,537
93,8,2025-06-04 06:43:19.968745,152.8,Dinheiro,538
27,6,2024-12-29 20:07:56.795783,63.96,Dinheiro,539
29,12,2024-12-03 17:24:57.596906,30.89,Dinheiro,540
75,10,2025-05-29 18:32:35.201111,144.56,Dinheiro,541
26,6,2025-05-15 18:00:14.152655,47.54,Cartão,542
32,8,2024-10-19 09:06:32.000729,111.03,Pix,543
44,5,2024-12-07 12:44:28.419206,153.15,Cartão,544
93,11,2025-06-29 18:08:44.250277,148.44,Cartão,545
94,13,2024-11-27 13:13:05.613296,71.73,Dinheiro,546
70,8,2024-09-28 16:26:02.669978,38.44,Pix,547
83,1,2025-09-10 13:56:13.260470,105.74,Pix,548
10,14,2025-01-16 10:24:01.768120,134.31,Pix,549
53,3,2025-01-06 10:31:04.656207,168.82,Dinheiro,550
91,3,2025-05-06 20:30:13.029572,3.81,Cartão,551
48,1,2025-05-15 17:45:17.981699,124.33,Cartão,552
79,15,2024-12-21 19:15:06.060786,97.67,Cartão,553
1,9,2025-09-08 12:34:20.288450,111.23,Dinheiro,554
68,12,2025-06-07 11:43:10.838526,56.4,Pix,555
3,9,2025-02-10 03:36:29.712418,163.01,Cartão,556
23,2,2025-01-15 20:04:47.274314,183.77,Cartão,557
31,4,2024-12-22 05:03:44.066271,124.72,Dinheiro,558
46,5,2024-12-03 22:52:20.696154,159.4,Dinheiro,559
52,8,2024-09-24 05:40:11.754524,113.87,Pix,560
29,5,2025-05-08 08:48:27.023059,137.44,Pix,561
84,14,2025-02-17 08:54:35.066833,130.68,Dinheiro,562
52,7,2025-02-03 13:02:40.435734,76.68,Cartão,563
82,1,2025-06-14 01:42:51.540240,141.16,Dinheiro,564
56,11,2025-08-19 18:45:22.716659,157.31,Cartão,565
13,15,2025-04-11 04:27:24.777966,106.58,Dinheiro,566
28,15,2025-08-10 14:45:22.648689,173.89,Pix,567
61,5,2025-01-11 14:54:34.715685,11.22,Dinheiro,568
36,15,2025-08-29 08:56:02.518878,109.52,Cartão,569
23,15,2024-09-22 11:07:07.226245,170.38,Dinheiro,570
27,10,2025-06-01 10:54:40.937202,30.55,Pix,571
51,15,2024-11-20 00:31:59.757242,17.23,Dinheiro,572
31,10,2024-12-28 07:48:54.626687,167.26,Dinheiro,573
70,6,2025-03-22 04:33:05.859416,78.0,Pix,574
89,12,2024-10-31 06:52:15.392496,17.53,Pix,575
45,1,2025-03-30 13:17:22.436795,21.34,Dinheiro,576
10,6,2025-01-07 23:15:26.806698,121.82,Cartão,577
77,7,2025-02-01 02:10:49.662076,193.85,Dinheiro,578
82,5,2024-12-15 09:23:59.808584,157.14,Cartão,579
30,6,2025-02-01 10:41:48.745294,111.5,Dinheiro,580
24,11,2025-03-28 04:40:01.439455,118.0,Dinheiro,581
99,10,2024-10-29 10:45:36.894043,60.49,Dinheiro,582
10,2,2024-11-18 08:30:59.427253,55.06,Dinheiro,583
82,3,2025-05-14 20:04:24.173836,148.45,Dinheiro,584
14,2,2025-08-18 00:06:15.531883,3.03,Dinheiro,585
47,13,2025-05-12 22:37:08.575844,55.41,Dinheiro,586
24,7,2024-10-02 20:56:56.927294,90.87,Cartão,587
53,2,2025-06-08 02:32:40.494510,7.2,Dinheiro,588
12,10,2025-04-27 01:02:32.241391,120.41,Dinheiro,589
50,1,2024-12-05 20:02:56.136116,59.79,Dinheiro,590
11,12,2025-09-07 00:08:48.242157,180.42,Pix,591
32,10,2025-07-24 13:52:34.590900,105.18,Cartão,592
22,3,2025-07-12 17:34:36.110118,55.25,Dinheiro,593
19,2,2025-07-17 00:51:23.030048,35.11,Dinheiro,594
39,8,2025-09-10 18:18:38.296244,156.97,Dinheiro,595
32,12,2025-05-18 04:44:00.684003,125.76,Cartão,596
26,8,2025-01-22 20:40:45.036746,23.18,Dinheiro,597
51,6,2025-03-16 13:22:07.923042,168.64,Dinheiro,598
43,8,2025-02-20 02:30:18.787589,68.28,Pix,599
84,10,2025-03-20 08:14:02.125343,28.95,Dinheiro,600
