id_compra,id_isqueiro,quantidade,valor_unitario,desconto,id_item_compra
1,16,1,16.74,0.0,1
1,11,1,15.64,0.0,2
2,19,1,39.43,0.0,3
2,9,1,41.1,0.0,4
2,4,1,46.71,0.2,5
2,6,1,34.56,0.0,6
3,7,1,22.77,0.14,7
3,14,1,34.14,0.06,8
3,9,1,33.45,0.0,9
3,13,1,5.09,0.0,10
4,19,1,20.94,0.0,11
4,14,1,27.87,0.0,12
4,12,1,35.53,0.0,13
4,20,1,32.45,0.15,14
5,6,1,32.88,0.2,15
5,13,1,48.39,0.0,16
5,14,1,6.64,0.04,17
6,18,1,29.66,0.0,18
6,15,1,19.64,0.0,19
6,19,1,34.99,0.2,20
6,16,1,6.57,0.0,21
6,3,1,7.13,0.0,22
7,12,1,16.63,0.0,23
7,7,1,26.77,0.0,24
8,15,1,36.52,0.0,25
9,10,1,3.67,0.0,26
10,11,1,32.93,0.0,27
11,8,1,26.53,0.0,28
11,11,1,28.65,0.0,29
12,13,1,32.04,0.13,30
12,13,1,2.92,0.0,31
13,15,1,30.22,0.0,32
13,7,1,11.48,0.0,33
14,19,1,6.43,0.0,34
15,12,1,17.31,0.0,35
15,9,1,34.03,0.0,36
16,20,1,20.35,0.0,37
16,4,1,18.37,0.0,38
16,20,1,9.87,0.0,39
17,20,1,30.12,0.0,40
17,11,1,7.22,0.0,41
17,6,1,19.61,0.08,42
18,5,1,29.38,0.0,43
18,16,1,32.32,0.0,44
18,6,1,28.41,0.0,45
18,5,1,10.57,0.0,46
18,20,1,4.1,0.0,47
19,16,1,8.12,0.0,48
20,17,1,33.17,0.0,49
20,16,1,21.66,0.0,50
20,16,1,9.61,0.0,51
20,8,1,15.67,0.11,52
20,6,1,39.37,0.0,53
21,18,1,26.27,0.0,54
21,9,1,39.09,0.0,55
21,12,1,27.79,0.0,56
21,15,1,28.0,0.0,57
22,8,1,15.94,0.0,58
23,9,1,18.41,0.0,59
23,15,1,43.47,0.16,60
23,7,1,40.82,0.0,61
23,12,1,43.26,0.0,62
24,6,1,31.38,0.0,63
24,7,1,40.56,0.0,64
24,18,1,15.13,0.0,65
24,11,1,48.98,0.11,66
25,4,1,8.08,0.0,67
25,14,1,46.06,0.0,68
25,5,1,35.52,0.03,69
25,11,1,41.68,0.0,70
25,13,1,25.24,0.0,71
26,14,1,19.7,0.16,72
26,3,1,21.04,0.0,73
26,12,1,23.55,0.0,74
27,1,1,43.64,0.0,75
27,3,1,36.95,0.0,76
27,12,1,42.73,0.0,77
27,13,1,12.06,0.0,78
27,7,1,25.49,0.0,79
28,11,1,28.04,0.17,80
28,11,1,44.87,0.0,81
28,2,1,6.33,0.0,82
29,1,1,7.53,0.0,83
29,15,1,23.64,0.0,84
29,14,1,11.31,0.0,85
29,5,1,44.28,0.0,86
30,3,1,33.25,0.07,87
30,6,1,4.01,0.0,88
30,8,1,22.32,0.02,89
31,16,1,5.28,0.0,90
31,17,1,34.48,0.14,91
32,14,1,35.16,0.0,92
33,13,1,5.83,0.0,93
33,4,1,16.7,0.0,94
34,13,1,39.01,0.0,95
34,5,1,32.62,0.0,96
35,17,1,28.82,0.0,97
36,15,1,18.53,0.15,98
36,14,1,31.38,0.0,99
37,3,1,44.98,0.02,100
37,13,1,18.55,0.0,101
38,8,1,14.93,0.11,102
38,20,1,36.48,0.19,103
39,10,1,11.46,0.0,104
40,13,1,15.83,0.18,105
40,8,1,25.5,0.1,106
41,3,1,27.12,0.0,107
41,12,1,46.8,0.17,108
41,19,1,21.91,0.0,109
41,6,1,38.49,0.0,110
41,3,1,2.31,0.05,111
42,2,1,47.51,0.0,112
43,17,1,38.7,0.0,113
43,13,1,5.5,0.0,114
43,20,1,8.91,0.02,115
44,5,1,27.51,0.0,116
44,3,1,16.54,0.0,117
45,2,1,13.36,0.0,118
45,4,1,23.49,0.0,119
46,6,1,7.29,0.0,120
46,1,1,9.45,0.0,121
46,17,1,26.59,0.0,122
47,6,1,19.54,0.0,123
47,9,1,37.05,0.18,124
47,11,1,40.64,0.01,125
48,3,1,25.56,0.0,126
48,2,1,25.73,0.0,127
48,12,1,9.13,0.0,128
48,19,1,34.19,0.15,129
48,1,1,3.64,0.0,130
49,2,1,24.38,0.0,131
49,5,1,10.18,0.0,132
50,18,1,40.45,0.0,133
51,8,1,17.11,0.0,134
51,11,1,14.66,0.07,135
51,17,1,34.16,0.04,136
51,17,1,49.1,0.0,137
52,15,1,43.5,0.0,138
53,11,1,5.69,0.0,139
53,12,1,11.23,0.0,140
53,10,1,37.37,0.07,141
54,7,1,37.02,0.0,142
54,8,1,8.8,0.0,143
54,1,1,12.8,0.0,144
54,1,1,47.62,0.13,145
55,4,1,11.45,0.0,146
55,14,1,25.36,0.2,147
55,9,1,6.01,0.0,148
56,14,1,35.49,0.0,149
56,3,1,29.67,0.0,150
56,13,1,5.13,0.0,151
56,14,1,33.63,0.06,152
56,11,1,46.41,0.0,153
57,11,1,23.46,0.19,154
57,5,1,39.33,0.0,155
57,5,1,6.62,0.0,156
58,14,1,7.36,0.0,157
58,7,1,23.42,0.0,158
58,4,1,5.89,0.0,159
59,20,1,3.46,0.0,160
59,11,1,8.69,0.0,161
59,12,1,20.72,0.06,162
60,1,1,47.68,0.0,163
60,18,1,37.78,0.09,164
61,4,1,2.08,0.0,165
61,8,1,7.84,0.0,166
62,3,1,29.74,0.16,167
62,1,1,49.86,0.13,168
62,5,1,5.96,0.0,169
63,4,1,3.57,0.0,170
63,6,1,46.32,0.0,171
63,13,1,25.56,0.0,172
64,6,1,18.67,0.0,173
64,9,1,15.07,0.0,174
64,2,1,31.28,0.0,175
64,10,1,25.7,0.0,176
65,2,1,5.75,0.0,177
65,14,1,11.17,0.0,178
65,17,1,13.58,0.0,179
65,18,1,40.05,0.0,180
66,16,1,27.91,0.0,181
66,19,1,25.87,0.0,182
66,6,1,2.76,0.0,183
67,9,1,4.34,0.0,184
68,12,1,38.69,0.0,185
68,6,1,6.36,0.0,186
68,9,1,27.38,0.0,187
68,2,1,38.56,0.0,188
68,19,1,42.56,0.0,189
69,6,1,10.04,0.0,190
69,12,1,45.83,0.14,191
69,19,1,28.83,0.0,192
70,16,1,27.79,0.01,193
70,2,1,12.78,0.11,194
71,11,1,46.02,0.03,195
72,11,1,4.39,0.14,196
72,5,1,39.06,0.0,197
73,3,1,19.62,0.0,198
73,13,1,29.92,0.0,199
73,11,1,8.12,0.19,200
74,11,1,9.95,0.0,201
74,20,1,39.67,0.12,202
74,6,1,19.85,0.0,203
74,10,1,7.68,0.0,204
75,13,1,42.76,0.0,205
75,19,1,3.07,0.0,206
75,20,1,12.21,0.0,207
75,16,1,8.32,0.0,208
75,8,1,18.32,0.0,209
76,11,1,23.16,0.05,210
77,12,1,13.95,0.0,211
78,15,1,37.03,0.0,212
78,14,1,25.41,0.0,213
78,18,1,19.7,0.0,214
78,19,1,33.07,0.0,215
79,15,1,5.07,0.0,216
79,10,1,2.47,0.02,217
80,6,1,44.56,0.02,218
80,3,1,17.89,0.0,219
80,16,1,35.67,0.0,220
81,20,1,44.65,0.02,221
81,7,1,48.76,0.0,222
82,18,1,14.37,0.05,223
82,2,1,20.56,0.0,224
82,16,1,8.95,0.0,225
82,14,1,5.75,0.0,226
82,20,1,24.8,0.04,227
83,3,1,24.47,0.16,228
83,16,1,25.22,0.0,229
83,3,1,32.63,0.0,230
84,13,1,19.42,0.0,231
84,9,1,22.83,0.17,232
84,19,1,4.49,0.0,233
85,3,1,33.9,0.0,234
86,19,1,12.53,0.08,235
86,17,1,21.8,0.0,236
86,16,1,29.28,0.06,237
86,13,1,45.28,0.0,238
87,19,1,45.17,0.0,239
87,20,1,8.65,0.0,240
87,15,1,9.88,0.0,241
87,7,1,40.71,0.08,242
87,14,1,11.29,0.0,243
88,20,1,14.01,0.0,244
88,3,1,5.72,0.0,245
89,11,1,43.05,0.0,246
89,1,1,39.65,0.0,247
89,17,1,39.41,0.03,248
89,19,1,30.01,0.0,249
89,4,1,46.36,0.0,250
90,10,1,43.57,0.0,251
91,9,1,20.08,0.0,252
91,20,1,24.44,0.08,253
91,20,1,31.02,0.0,254
91,2,1,20.7,0.0,255
92,2,1,37.67,0.0,256
92,12,1,2.48,0.0,257
93,10,1,15.1,0.0,258
93,4,1,48.67,0.06,259
93,15,1,39.04,0.0,260
94,20,1,32.81,0.04,261
94,14,1,37.44,0.0,262
94,12,1,41.32,0.0,263
94,6,1,4.68,0.0,264
95,5,1,39.36,0.0,265
95,19,1,2.9,0.17,266
95,2,1,13.6,0.0,267
95,12,1,35.67,0.16,268
96,13,1,32.32,0.01,269
96,12,1,25.21,0.0,270
96,16,1,29.96,0.0,271
96,6,1,42.13,0.17,272
96,3,1,15.33,0.0,273
97,19,1,39.32,0.04,274
97,8,1,34.37,0.08,275
98,1,1,24.49,0.03,276
99,8,1,13.74,0.0,277
100,9,1,22.05,0.0,278
100,12,1,23.76,0.06,279
100,17,1,41.48,0.0,280
101,1,1,26.31,0.0,281
102,18,1,32.9,0.0,282
102,10,1,34.69,0.0,283
102,11,1,49.44,0.0,284
103,9,1,33.32,0.0,285
103,10,1,10.64,0.0,286
103,8,1,45.13,0.0,287
104,13,1,33.54,0.0,288
104,1,1,33.29,0.0,289
104,9,1,45.49,0.0,290
104,2,1,29.78,0.0,291
104,7,1,18.14,0.0,292
105,16,1,45.47,0.0,293
105,17,1,16.06,0.13,294
105,18,1,10.29,0.03,295
105,9,1,36.67,0.0,296
105,6,1,47.43,0.0,297
106,8,1,18.73,0.0,298
107,14,1,39.72,0.0,299
107,9,1,29.9,0.0,300
107,4,1,24.32,0.0,301
108,19,1,47.3,0.18,302
108,17,1,7.31,0.0,303
108,17,1,15.97,0.17,304
108,5,1,49.63,0.0,305
108,19,1,44.8,0.0,306
109,11,1,43.33,0.02,307
109,11,1,32.11,0.13,308
110,15,1,14.77,0.0,309
111,19,1,38.58,0.0,310
111,3,1,7.78,0.0,311
112,13,1,22.31,0.0,312
112,1,1,3.33,0.07,313
112,1,1,44.76,0.0,314
112,17,1,10.74,0.0,315
113,8,1,35.14,0.0,316
113,5,1,6.48,0.0,317
114,6,1,4.67,0.19,318
114,15,1,36.8,0.0,319
114,11,1,22.53,0.0,320
115,11,1,49.81,0.0,321
115,7,1,9.5,0.0,322
116,1,1,12.58,0.0,323
116,5,1,11.74,0.1,324
116,4,1,19.28,0.0,325
116,2,1,19.7,0.0,326
117,20,1,3.86,0.0,327
117,4,1,33.2,0.14,328
117,14,1,23.05,0.05,329
117,5,1,11.47,0.0,330
117,1,1,16.1,0.0,331
118,9,1,31.71,0.0,332
118,14,1,41.79,0.14,333
118,4,1,15.21,0.0,334
118,16,1,11.13,0.05,335
118,17,1,48.7,0.0,336
119,10,1,9.28,0.0,337
119,7,1,34.88,0.0,338
119,8,1,1.63,0.0,339
119,4,1,42.01,0.0,340
120,3,1,39.31,0.14,341
120,9,1,32.75,0.0,342
121,9,1,24.02,0.03,343
121,2,1,42.83,0.0,344
121,11,1,22.16,0.17,345
122,1,1,42.82,0.0,346
123,11,1,18.84,0.0,347
123,20,1,14.51,0.0,348
124,11,1,10.37,0.0,349
124,15,1,14.68,0.0,350
124,16,1,40.3,0.0,351
125,4,1,7.93,0.0,352
125,6,1,6.53,0.0,353
126,19,1,34.4,0.08,354
126,12,1,31.15,0.0,355
126,5,1,24.93,0.0,356
126,14,1,22.87,0.13,357
127,17,1,38.73,0.0,358
128,8,1,48.93,0.0,359
128,11,1,26.68,0.0,360
128,20,1,6.12,0.0,361
128,8,1,24.87,0.0,362
128,13,1,8.71,0.0,363
129,2,1,2.06,0.0,364
129,17,1,42.67,0.0,365
129,6,1,5.13,0.0,366
129,8,1,17.55,0.1,367
129,18,1,32.7,0.0,368
130,3,1,23.77,0.0,369
130,15,1,5.77,0.0,370
131,4,1,49.06,0.0,371
131,1,1,6.48,0.0,372
131,18,1,28.13,0.0,373
132,20,1,32.42,0.0,374
132,18,1,11.53,0.0,375
132,11,1,19.12,0.04,376
132,15,1,17.6,0.0,377
132,20,1,24.45,0.0,378
133,4,1,6.23,0.0,379
133,1,1,18.06,0.0,380
133,10,1,28.06,0.0,381
133,4,1,3.72,0.03,382
134,4,1,13.83,0.02,383
134,13,1,11.96,0.0,384
134,7,1,36.26,0.08,385
134,19,1,7.48,0.0,386
135,19,1,47.88,0.1,387
135,17,1,37.21,0.0,388
135,14,1,42.18,0.0,389
135,17,1,39.38,0.0,390
136,6,1,36.93,0.08,391
136,20,1,30.9,0.0,392
136,13,1,21.81,0.0,393
136,8,1,14.77,0.0,394
136,10,1,23.46,0.08,395
137,10,1,42.39,0.0,396
137,11,1,36.03,0.0,397
137,7,1,11.24,0.0,398
137,10,1,34.8,0.0,399
137,5,1,49.09,0.0,400
138,17,1,27.81,0.0,401
138,4,1,38.4,0.0,402
139,19,1,47.22,0.0,403
139,18,1,15.37,0.0,404
139,1,1,26.85,0.03,405
139,2,1,11.2,0.0,406
139,6,1,49.2,0.0,407
140,2,1,34.99,0.15,408
140,2,1,18.9,0.0,409
141,18,1,43.44,0.0,410
141,18,1,20.36,0.0,411
141,10,1,35.11,0.08,412
141,14,1,47.9,0.0,413
141,11,1,48.34,0.15,414
142,20,1,43.64,0.0,415
142,15,1,41.75,0.0,416
143,19,1,28.01,0.0,417
143,7,1,15.77,0.14,418
143,6,1,48.18,0.0,419
144,13,1,3.47,0.05,420
145,19,1,42.53,0.09,421
145,5,1,3.44,0.0,422
146,2,1,39.02,0.0,423
146,10,1,25.29,0.0,424
146,12,1,5.03,0.0,425
146,17,1,12.17,0.01,426
146,17,1,9.23,0.0,427
147,3,1,18.45,0.0,428
147,11,1,17.56,0.19,429
147,20,1,27.23,0.0,430
147,1,1,7.06,0.0,431
148,20,1,46.05,0.01,432
148,11,1,20.0,0.0,433
149,13,1,13.94,0.0,434
150,17,1,41.37,0.0,435
151,15,1,25.11,0.13,436
151,11,1,26.42,0.0,437
151,6,1,48.62,0.0,438
151,18,1,1.86,0.13,439
151,7,1,43.45,0.0,440
152,7,1,27.58,0.0,441
153,3,1,37.72,0.09,442
153,11,1,3.34,0.04,443
153,9,1,28.57,0.0,444
153,8,1,45.68,0.0,445
154,13,1,22.5,0.13,446
154,18,1,1.79,0.0,447
154,3,1,38.16,0.0,448
154,3,1,18.85,0.0,449
155,10,1,30.92,0.19,450
155,13,1,20.66,0.0,451
155,16,1,9.08,0.15,452
156,10,1,48.07,0.14,453
156,12,1,47.93,0.17,454
156,5,1,7.48,0.12,455
156,18,1,28.05,0.04,456
156,12,1,11.77,0.0,457
157,5,1,9.31,0.17,458
157,7,1,7.06,0.0,459
157,19,1,42.83,0.0,460
157,18,1,23.87,0.0,461
157,10,1,34.08,0.04,462
158,16,1,47.65,0.0,463
158,8,1,6.35,0.0,464
158,7,1,16.91,0.0,465
158,20,1,33.48,0.0,466
158,5,1,28.93,0.0,467
159,14,1,9.68,0.0,468
159,8,1,36.04,0.0,469
159,9,1,42.25,0.15,470
160,15,1,23.1,0.0,471
160,16,1,28.26,0.12,472
160,9,1,43.15,0.11,473
160,9,1,37.08,0.0,474
161,1,1,42.7,0.0,475
162,19,1,21.15,0.0,476
162,2,1,28.25,0.0,477
162,18,1,24.4,0.0,478
162,12,1,20.54,0.0,479
162,19,1,37.06,0.09,480
163,3,1,20.74,0.0,481
163,8,1,42.63,0.0,482
163,20,1,34.68,0.0,483
163,5,1,23.14,0.19,484
163,5,1,37.19,0.0,485
164,2,1,12.11,0.0,486
164,3,1,14.32,0.13,487
164,17,1,45.52,0.0,488
165,15,1,44.26,0.13,489
165,4,1,35.63,0.0,490
165,9,1,41.99,0.11,491
165,6,1,19.77,0.0,492
166,3,1,26.56,0.0,493
166,8,1,26.54,0.0,494
166,12,1,25.11,0.0,495
166,20,1,1.82,0.0,496
166,15,1,9.53,0.13,497
167,5,1,10.56,0.0,498
167,4,1,33.56,0.0,499
168,4,1,24.85,0.0,500
168,7,1,30.15,0.0,501
168,14,1,2.59,0.11,502
169,5,1,32.03,0.11,503
169,2,1,9.57,0.0,504
170,13,1,30.57,0.0,505
170,1,1,44.11,0.0,506
170,10,1,47.44,0.12,507
170,16,1,43.56,0.17,508
170,20,1,8.42,0.0,509
171,20,1,33.49,0.14,510
171,11,1,46.23,0.0,511
172,8,1,19.84,0.0,512
173,17,1,34.69,0.0,513
173,20,1,6.17,0.0,514
173,20,1,30.59,0.0,515
173,18,1,25.91,0.1,516
173,5,1,45.25,0.0,517
174,14,1,26.82,0.0,518
175,17,1,22.3,0.0,519
176,13,1,18.5,0.0,520
176,19,1,6.24,0.1,521
176,8,1,45.64,0.12,522
176,18,1,21.32,0.14,523
177,19,1,26.84,0.0,524
178,7,1,34.86,0.0,525
178,12,1,6.67,0.0,526
178,19,1,13.8,0.0,527
178,14,1,28.89,0.0,528
179,7,1,21.54,0.0,529
179,16,1,10.17,0.0,530
179,16,1,13.81,0.0,531
179,12,1,39.05,0.0,532
180,4,1,37.77,0.0,533
180,6,1,6.36,0.0,534
181,18,1,31.28,0.0,535
181,2,1,9.3,0.0,536
181,1,1,40.51,0.0,537
182,20,1,22.62,0.04,538
182,3,1,31.04,0.0,539
182,13,1,31.28,0.0,540
182,20,1,4.29,0.0,541
183,16,1,22.79,0.13,542
183,17,1,15.37,0.12,543
184,8,1,31.34,0.0,544
184,12,1,13.1,0.03,545
184,9,1,39.31,0.0,546
184,13,1,21.16,0.0,547
184,3,1,46.08,0.0,548
185,19,1,18.38,0.0,549
185,9,1,12.48,0.0,550
185,15,1,46.59,0.0,551
185,9,1,9.99,0.0,552
185,18,1,5.01,0.19,553
186,9,1,43.99,0.0,554
186,19,1,13.63,0.0,555
186,13,1,28.81,0.0,556
186,11,1,48.12,0.0,557
186,15,1,44.98,0.0,558
187,4,1,14.0,0.0,559
187,8,1,34.33,0.06,560
187,12,1,26.55,0.17,561
187,8,1,15.43,0.0,562
188,3,1,28.4,0.06,563
188,7,1,44.87,0.19,564
188,7,1,25.7,0.15,565
189,7,1,12.62,0.0,566
189,20,1,18.77,0.0,567
189,4,1,46.13,0.0,568
190,20,1,1.82,0.0,569
190,2,1,42.63,0.0,570
190,11,1,25.38,0.0,571
190,19,1,43.64,0.0,572
191,9,1,20.8,0.0,573
191,5,1,4.13,0.0,574
191,16,1,47.07,0.07,575
191,6,1,23.67,0.1,576
191,11,1,34.93,0.04,577
192,4,1,17.28,0.0,578
192,9,1,10.58,0.05,579
192,20,1,18.14,0.08,580
192,14,1,35.48,0.0,581
192,13,1,15.06,0.03,582
193,8,1,40.99,0.0,583
193,8,1,28.43,0.0,584
193,7,1,8.57,0.0,585
193,5,1,24.44,0.08,586
193,5,1,49.78,0.0,587
194,18,1,36.45,0.0,588
194,10,1,13.67,0.0,589
194,2,1,20.82,0.0,590
194,2,1,11.95,0.17,591
194,4,1,23.32,0.0,592
195,12,1,28.68,0.0,593
195,9,1,18.19,0.0,594
195,12,1,43.57,0.0,595
196,19,1,29.43,0.0,596
196,6,1,49.0,0.07,597
197,16,1,39.08,0.0,598
197,3,1,19.98,0.13,599
197,5,1,43.61,0.0,600
197,11,1,21.96,0.0,601
197,13,1,42.67,0.03,602
198,11,1,16.87,0.05,603
198,13,1,14.66,0.0,604
199,19,1,26.77,0.0,605
199,6,1,10.42,0.15,606
199,9,1,47.11,0.0,607
200,7,1,9.6,0.01,608
201,18,1,4.11,0.0,609
201,17,1,38.6,0.05,610
201,5,1,5.59,0.0,611
201,13,1,16.5,0.06,612
202,5,1,27.05,0.01,613
202,12,1,43.23,0.0,614
203,15,1,48.79,0.0,615
203,9,1,28.1,0.19,616
203,18,1,10.09,0.0,617
203,19,1,22.6,0.0,618
204,10,1,45.58,0.0,619
204,8,1,40.53,0.0,620
204,12,1,21.49,0.0,621
204,17,1,41.05,0.0,622
204,12,1,15.41,0.0,623
205,16,1,16.03,0.0,624
205,10,1,30.45,0.0,625
205,18,1,19.62,0.0,626
205,18,1,22.7,0.14,627
206,13,1,12.2,0.13,628
206,17,1,38.58,0.0,629
206,9,1,15.31,0.0,630
206,9,1,21.53,0.0,631
207,5,1,15.55,0.0,632
207,20,1,23.46,0.0,633
208,7,1,17.05,0.19,634
208,1,1,10.52,0.05,635
208,15,1,36.76,0.03,636
208,16,1,12.03,0.0,637
209,12,1,23.99,0.0,638
209,11,1,5.39,0.0,639
209,5,1,4.22,0.0,640
209,3,1,27.84,0.18,641
210,13,1,41.67,0.15,642
210,8,1,20.16,0.0,643
210,8,1,37.27,0.09,644
211,17,1,33.8,0.08,645
212,11,1,9.19,0.0,646
212,18,1,26.76,0.13,647
212,7,1,18.98,0.13,648
213,8,1,32.2,0.0,649
214,9,1,29.86,0.0,650
214,8,1,1.93,0.16,651
215,20,1,9.02,0.0,652
215,8,1,9.15,0.12,653
215,2,1,4.4,0.0,654
215,18,1,39.89,0.05,655
216,12,1,40.57,0.0,656
216,7,1,2.54,0.0,657
216,5,1,13.66,0.14,658
216,18,1,15.79,0.0,659
216,7,1,28.99,0.0,660
217,15,1,14.85,0.0,661
217,18,1,9.28,0.0,662
217,15,1,15.84,0.07,663
218,17,1,19.88,0.0,664
219,20,1,13.08,0.0,665
219,18,1,41.22,0.14,666
219,18,1,8.98,0.08,667
220,4,1,6.17,0.0,668
220,2,1,42.01,0.17,669
220,7,1,6.69,0.01,670
221,16,1,27.0,0.0,671
221,9,1,3.88,0.14,672
221,1,1,46.62,0.1,673
221,3,1,24.2,0.0,674
222,18,1,37.56,0.0,675
222,12,1,40.02,0.12,676
222,17,1,3.47,0.06,677
223,17,1,6.21,0.0,678
223,18,1,20.19,0.13,679
224,6,1,28.58,0.0,680
224,4,1,38.66,0.0,681
224,15,1,35.57,0.0,682
224,4,1,9.59,0.08,683
224,11,1,33.39,0.0,684
225,15,1,46.78,0.0,685
225,18,1,49.59,0.0,686
225,12,1,21.5,0.0,687
225,11,1,31.01,0.0,688
225,7,1,19.69,0.0,689
226,12,1,48.14,0.0,690
226,13,1,1.51,0.06,691
226,1,1,26.6,0.0,692
227,1,1,16.07,0.17,693
227,1,1,38.92,0.0,694
227,9,1,46.08,0.0,695
228,19,1,9.0,0.07,696
228,5,1,14.35,0.0,697
228,8,1,12.8,0.0,698
228,3,1,29.17,0.0,699
228,7,1,37.11,0.0,700
229,6,1,25.18,0.0,701
229,19,1,41.25,0.13,702
229,2,1,36.94,0.0,703
229,3,1,39.34,0.0,704
230,12,1,44.17,0.0,705
230,4,1,43.68,0.13,706
230,20,1,46.54,0.0,707
231,2,1,16.28,0.11,708
231,5,1,17.35,0.0,709
231,5,1,3.95,0.0,710
231,13,1,48.6,0.0,711
232,17,1,5.87,0.0,712
232,13,1,8.68,0.0,713
232,16,1,29.21,0.08,714
232,3,1,20.83,0.0,715
232,5,1,38.46,0.0,716
233,16,1,20.67,0.0,717
233,18,1,31.38,0.0,718
234,8,1,4.97,0.0,719
234,11,1,34.71,0.0,720
235,14,1,22.04,0.0,721
236,12,1,30.3,0.06,722
236,12,1,31.39,0.0,723
236,15,1,31.72,0.0,724
237,7,1,34.74,0.15,725
237,3,1,6.95,0.19,726
238,10,1,2.17,0.0,727
238,4,1,16.3,0.0,728
239,7,1,37.39,0.11,729
239,9,1,28.12,0.0,730
239,5,1,35.21,0.0,731
240,19,1,45.44,0.0,732
240,9,1,9.76,0.16,733
240,20,1,14.66,0.0,734
240,1,1,4.73,0.0,735
241,4,1,2.43,0.0,736
241,13,1,12.71,0.0,737
241,4,1,45.34,0.0,738
242,18,1,5.77,0.19,739
242,18,1,46.43,0.05,740
242,17,1,16.29,0.0,741
242,6,1,2.39,0.0,742
242,12,1,31.82,0.2,743
243,9,1,40.88,0.0,744
243,13,1,44.68,0.0,745
243,1,1,47.29,0.0,746
243,8,1,8.86,0.0,747
243,5,1,5.76,0.0,748
244,8,1,21.74,0.0,749
244,14,1,48.57,0.0,750
244,11,1,23.28,0.13,751
244,19,1,27.76,0.0,752
244,5,1,16.49,0.0,753
245,5,1,22.36,0.0,754
245,5,1,33.33,0.0,755
245,6,1,16.9,0.0,756
245,4,1,10.43,0.0,757
245,5,1,36.76,0.0,758
246,14,1,16.21,0.0,759
246,9,1,8.87,0.03,760
246,1,1,38.48,0.0,761
246,9,1,30.87,0.0,762
247,8,1,12.7,0.02,763
247,16,1,8.0,0.0,764
247,16,1,36.03,0.0,765
247,13,1,25.34,0.04,766
247,2,1,21.32,0.0,767
248,14,1,12.29,0.0,768
248,7,1,38.25,0.19,769
248,15,1,43.56,0.0,770
249,15,1,44.55,0.0,771
249,2,1,30.98,0.0,772
249,11,1,20.62,0.0,773
250,20,1,27.5,0.0,774
250,2,1,26.75,0.0,775
250,2,1,44.07,0.11,776
250,2,1,28.55,0.0,777
250,2,1,10.71,0.0,778
251,10,1,23.88,0.0,779
251,20,1,46.07,0.0,780
251,5,1,23.98,0.0,781
252,17,1,6.99,0.0,782
253,5,1,20.56,0.0,783
253,1,1,10.18,0.0,784
253,7,1,44.3,0.06,785
253,6,1,36.34,0.02,786
253,15,1,32.25,0.14,787
254,20,1,47.56,0.0,788
254,13,1,3.63,0.07,789
254,5,1,9.36,0.15,790
254,2,1,21.85,0.0,791
254,15,1,15.51,0.18,792
255,1,1,31.69,0.09,793
255,16,1,27.86,0.18,794
256,7,1,30.06,0.0,795
256,14,1,22.93,0.0,796
257,8,1,44.29,0.13,797
258,2,1,10.46,0.07,798
258,5,1,42.91,0.0,799
259,10,1,17.56,0.02,800
259,6,1,9.32,0.13,801
259,20,1,29.26,0.0,802
259,15,1,37.84,0.0,803
259,2,1,6.02,0.07,804
260,3,1,38.28,0.0,805
260,3,1,15.7,0.14,806
260,9,1,17.47,0.0,807
260,7,1,35.25,0.0,808
261,19,1,36.89,0.0,809
262,16,1,36.62,0.0,810
263,14,1,31.03,0.0,811
263,17,1,29.39,0.0,812
263,5,1,31.29,0.0,813
264,16,1,40.69,0.0,814
264,8,1,35.87,0.0,815
264,1,1,7.23,0.0,816
264,4,1,37.27,0.12,817
265,14,1,3.71,0.0,818
265,7,1,2.05,0.06,819
265,3,1,16.43,0.0,820
265,11,1,38.7,0.07,821
266,19,1,31.38,0.04,822
266,11,1,41.94,0.0,823
266,16,1,45.93,0.0,824
266,5,1,24.85,0.0,825
267,11,1,23.93,0.0,826
267,2,1,42.0,0.14,827
267,11,1,28.43,0.12,828
267,11,1,40.28,0.0,829
267,12,1,4.71,0.17,830
268,13,1,31.89,0.0,831
268,19,1,30.88,0.02,832
268,10,1,35.71,0.0,833
269,9,1,21.57,0.0,834
270,12,1,23.42,0.0,835
270,7,1,26.97,0.07,836
271,7,1,45.8,0.0,837
272,16,1,45.39,0.07,838
273,17,1,16.55,0.0,839
273,4,1,41.37,0.0,840
273,5,1,11.45,0.08,841
273,17,1,7.12,0.0,842
274,20,1,43.79,0.0,843
275,4,1,26.75,0.0,844
276,1,1,29.51,0.0,845
276,7,1,17.06,0.06,846
276,11,1,38.98,0.0,847
277,5,1,9.14,0.19,848
277,18,1,26.43,0.07,849
277,11,1,14.65,0.0,850
278,19,1,13.37,0.12,851
278,11,1,27.72,0.01,852
278,2,1,6.64,0.09,853
279,20,1,44.73,0.0,854
279,15,1,31.39,0.0,855
280,18,1,5.31,0.0,856
280,15,1,29.04,0.16,857
281,4,1,23.6,0.0,858
281,15,1,24.32,0.0,859
281,5,1,43.26,0.0,860
281,12,1,20.52,0.0,861
282,11,1,23.48,0.1,862
282,12,1,24.71,0.0,863
282,10,1,38.75,0.0,864
283,17,1,6.49,0.0,865
283,4,1,17.3,0.0,866
284,18,1,23.86,0.0,867
284,8,1,31.61,0.0,868
284,16,1,20.12,0.0,869
285,14,1,39.54,0.0,870
285,11,1,27.91,0.13,871
285,3,1,37.36,0.0,872
285,16,1,7.04,0.0,873
285,11,1,28.42,0.0,874
286,10,1,47.86,0.02,875
286,20,1,38.91,0.0,876
287,2,1,5.89,0.0,877
287,19,1,45.31,0.0,878
287,1,1,38.22,0.0,879
287,15,1,27.27,0.0,880
288,15,1,10.99,0.0,881
288,11,1,16.04,0.0,882
288,10,1,46.05,0.0,883
288,12,1,49.53,0.0,884
288,20,1,49.34,0.0,885
289,10,1,4.53,0.0,886
289,2,1,1.54,0.0,887
290,4,1,43.27,0.0,888
290,8,1,22.44,0.0,889
290,11,1,36.02,0.0,890
291,18,1,11.74,0.03,891
291,18,1,20.15,0.0,892
291,14,1,8.98,0.0,893
291,5,1,8.01,0.0,894
292,14,1,48.79,0.03,895
292,14,1,43.22,0.0,896
292,20,1,46.62,0.0,897
292,15,1,26.21,0.0,898
293,13,1,18.73,0.12,899
293,19,1,25.66,0.0,900
293,17,1,14.56,0.0,901
293,19,1,19.3,0.0,902
294,16,1,35.69,0.1,903
294,3,1,8.39,0.0,904
294,9,1,24.05,0.18,905
294,3,1,13.39,0.0,906
294,3,1,34.68,0.0,907
295,10,1,31.23,0.0,908
295,18,1,39.26,0.0,909
295,17,1,45.44,0.0,910
295,11,1,21.92,0.0,911
295,10,1,15.53,0.18,912
296,19,1,14.13,0.0,913
296,19,1,9.7,0.2,914
296,20,1,2.82,0.0,915
297,17,1,5.23,0.0,916
297,9,1,7.93,0.17,917
298,4,1,30.79,0.0,918
299,15,1,19.43,0.16,919
299,8,1,25.02,0.0,920
300,11,1,49.23,0.0,921
301,5,1,42.12,0.0,922
301,14,1,38.86,0.09,923
301,6,1,11.73,0.0,924
301,12,1,4.13,0.16,925
301,2,1,9.63,0.0,926
302,16,1,37.69,0.0,927
302,18,1,12.83,0.0,928
302,13,1,24.52,0.17,929
303,10,1,46.47,0.0,930
304,17,1,34.62,0.18,931
304,12,1,47.87,0.0,932
304,9,1,17.75,0.02,933
305,13,1,23.86,0.0,934
305,8,1,37.11,0.0,935
305,7,1,26.72,0.0,936
305,6,1,16.69,0.0,937
305,3,1,2.08,0.02,938
306,12,1,12.14,0.04,939
306,1,1,31.54,0.12,940
306,7,1,47.6,0.0,941
306,4,1,5.69,0.0,942
307,19,1,40.46,0.02,943
307,6,1,13.79,0.0,944
307,3,1,32.48,0.0,945
307,9,1,38.81,0.0,946
308,9,1,9.36,0.16,947
308,13,1,20.35,0.0,948
308,9,1,47.85,0.09,949
309,7,1,31.1,0.1,950
309,5,1,27.72,0.0,951
309,20,1,32.7,0.0,952
309,9,1,6.51,0.11,953
310,15,1,2.41,0.0,954
310,1,1,46.75,0.0,955
310,9,1,8.85,0.0,956
311,19,1,1.68,0.0,957
311,16,1,24.69,0.0,958
311,3,1,27.7,0.19,959
311,16,1,7.38,0.0,960
312,11,1,34.57,0.0,961
312,3,1,19.22,0.0,962
312,11,1,5.4,0.0,963
313,7,1,10.07,0.08,964
313,7,1,16.0,0.0,965
313,4,1,32.08,0.0,966
314,15,1,37.16,0.04,967
315,8,1,25.23,0.11,968
315,10,1,25.73,0.0,969
315,15,1,48.38,0.07,970
315,11,1,39.71,0.02,971
315,17,1,23.73,0.0,972
316,5,1,37.44,0.01,973
316,5,1,25.21,0.18,974
316,20,1,3.72,0.0,975
316,5,1,2.2,0.0,976
316,10,1,41.31,0.12,977
317,3,1,41.16,0.1,978
317,20,1,12.2,0.0,979
317,14,1,17.86,0.0,980
317,13,1,17.23,0.0,981
317,19,1,27.98,0.0,982
318,2,1,30.26,0.0,983
318,4,1,14.78,0.0,984
319,12,1,28.34,0.0,985
319,19,1,3.47,0.17,986
320,13,1,39.22,0.1,987
320,1,1,1.85,0.0,988
320,19,1,44.52,0.0,989
320,16,1,35.08,0.13,990
320,17,1,23.35,0.03,991
321,20,1,10.23,0.0,992
322,10,1,18.37,0.05,993
323,17,1,48.87,0.0,994
324,17,1,12.13,0.0,995
324,7,1,14.91,0.16,996
324,16,1,25.63,0.18,997
324,2,1,32.78,0.09,998
324,11,1,31.42,0.0,999
325,2,1,6.56,0.11,1000
325,6,1,39.6,0.0,1001
325,4,1,4.94,0.09,1002
325,19,1,17.31,0.14,1003
326,8,1,39.28,0.0,1004
326,4,1,13.0,0.0,1005
326,7,1,19.71,0.09,1006
327,2,1,44.69,0.19,1007
327,15,1,10.14,0.0,1008
327,15,1,36.41,0.0,1009
327,9,1,11.31,0.14,1010
328,9,1,8.12,0.0,1011
329,14,1,9.8,0.0,1012
329,10,1,30.78,0.0,1013
329,20,1,45.42,0.0,1014
329,18,1,42.97,0.17,1015
330,7,1,30.19,0.0,1016
330,9,1,2.2,0.0,1017
330,8,1,13.52,0.0,1018
330,8,1,44.75,0.0,1019
331,19,1,45.07,0.0,1020
331,2,1,3.44,0.0,1021
332,2,1,22.15,0.0,1022
332,4,1,23.44,0.11,1023
332,1,1,35.12,0.0,1024
332,7,1,7.94,0.13,1025
332,3,1,2.27,0.0,1026
333,15,1,43.11,0.0,1027
333,1,1,48.86,0.0,1028
334,13,1,10.47,0.0,1029
334,15,1,35.64,0.13,1030
335,11,1,27.25,0.15,1031
335,20,1,27.81,0.0,1032
335,3,1,31.59,0.0,1033
335,2,1,26.46,0.0,1034
336,2,1,6.88,0.0,1035
336,20,1,3.48,0.0,1036
336,18,1,35.69,0.0,1037
337,5,1,49.09,0.02,1038
337,16,1,37.26,0.0,1039
338,8,1,17.04,0.0,1040
338,17,1,34.49,0.01,1041
339,15,1,25.08,0.0,1042
339,4,1,24.3,0.0,1043
339,18,1,45.12,0.0,1044
340,3,1,10.64,0.0,1045
340,3,1,5.39,0.0,1046
340,10,1,47.98,0.03,1047
341,5,1,25.57,0.0,1048
342,1,1,15.72,0.0,1049
342,18,1,46.69,0.0,1050
342,14,1,23.03,0.0,1051
342,10,1,10.67,0.16,1052
342,17,1,32.77,0.0,1053
343,11,1,25.08,0.0,1054
343,17,1,42.33,0.0,1055
343,10,1,29.01,0.0,1056
344,6,1,39.78,0.07,1057
344,10,1,38.83,0.07,1058
344,15,1,47.88,0.0,1059
345,18,1,15.33,0.0,1060
345,5,1,9.32,0.2,1061
346,5,1,22.88,0.0,1062
346,7,1,28.78,0.06,1063
346,12,1,8.68,0.0,1064
346,6,1,27.38,0.0,1065
346,16,1,38.77,0.0,1066
347,5,1,1.71,0.0,1067
347,17,1,17.57,0.0,1068
347,16,1,44.95,0.0,1069
348,5,1,40.28,0.0,1070
348,15,1,17.93,0.1,1071
348,2,1,8.26,0.0,1072
348,10,1,2.7,0.0,1073
348,8,1,23.13,0.01,1074
349,19,1,27.03,0.0,1075
349,9,1,10.99,0.17,1076
350,17,1,20.63,0.0,1077
351,20,1,26.31,0.13,1078
351,13,1,8.68,0.0,1079
351,12,1,20.23,0.07,1080
351,10,1,48.91,0.0,1081
351,3,1,11.96,0.0,1082
352,15,1,15.5,0.0,1083
352,14,1,36.84,0.0,1084
352,19,1,30.5,0.06,1085
352,17,1,49.35,0.19,1086
353,3,1,1.82,0.0,1087
353,9,1,21.6,0.0,1088
353,19,1,38.13,0.04,1089
353,13,1,15.54,0.0,1090
354,19,1,16.24,0.0,1091
354,15,1,12.39,0.0,1092
354,5,1,14.24,0.0,1093
355,4,1,33.21,0.0,1094
355,14,1,10.2,0.0,1095
355,8,1,2.88,0.0,1096
355,16,1,49.73,0.15,1097
356,16,1,28.93,0.0,1098
356,16,1,48.75,0.0,1099
356,12,1,26.36,0.0,1100
356,9,1,9.4,0.06,1101
356,5,1,18.83,0.07,1102
357,2,1,15.56,0.0,1103
357,3,1,26.42,0.0,1104
357,6,1,38.59,0.0,1105
358,18,1,17.15,0.0,1106
358,10,1,14.67,0.0,1107
359,4,1,27.42,0.0,1108
359,5,1,2.13,0.0,1109
359,12,1,39.27,0.0,1110
360,4,1,12.07,0.0,1111
360,7,1,40.06,0.0,1112
361,18,1,36.06,0.0,1113
361,4,1,21.74,0.0,1114
361,4,1,41.21,0.0,1115
361,16,1,18.39,0.0,1116
361,5,1,41.13,0.0,1117
362,17,1,38.53,0.0,1118
362,10,1,2.89,0.0,1119
362,8,1,7.74,0.0,1120
362,8,1,16.41,0.2,1121
362,14,1,35.0,0.0,1122
363,1,1,39.07,0.0,1123
364,7,1,6.73,0.0,1124
365,19,1,4.37,0.05,1125
365,3,1,16.13,0.02,1126
365,4,1,46.12,0.18,1127
365,6,1,34.02,0.03,1128
365,9,1,47.52,0.0,1129
366,17,1,39.37,0.0,1130
366,17,1,29.16,0.12,1131
367,17,1,12.02,0.06,1132
368,1,1,48.72,0.04,1133
368,17,1,42.79,0.0,1134
368,19,1,10.48,0.0,1135
368,4,1,10.27,0.0,1136
368,13,1,22.07,0.0,1137
369,4,1,38.43,0.0,1138
369,15,1,6.85,0.15,1139
369,10,1,28.52,0.07,1140
369,4,1,20.16,0.0,1141
370,15,1,12.45,0.0,1142
370,14,1,10.66,0.17,1143
370,16,1,47.05,0.0,1144
371,16,1,34.1,0.0,1145
372,3,1,7.28,0.0,1146
372,19,1,48.91,0.0,1147
372,6,1,4.64,0.0,1148
372,11,1,11.21,0.0,1149
372,13,1,7.45,0.0,1150
373,9,1,38.59,0.0,1151
373,19,1,14.74,0.0,1152
373,13,1,18.77,0.0,1153
373,13,1,49.39,0.0,1154
374,15,1,6.74,0.1,1155
374,5,1,2.94,0.0,1156
375,16,1,34.39,0.0,1157
376,20,1,34.44,0.12,1158
376,4,1,38.37,0.0,1159
376,17,1,38.73,0.0,1160
376,7,1,15.74,0.0,1161
377,9,1,27.81,0.0,1162
377,18,1,28.01,0.0,1163
377,2,1,49.55,0.0,1164
377,4,1,20.11,0.0,1165
377,13,1,22.96,0.04,1166
378,6,1,25.34,0.14,1167
378,16,1,38.55,0.0,1168
378,16,1,33.51,0.0,1169
379,16,1,24.58,0.0,1170
379,17,1,4.2,0.12,1171
379,13,1,31.42,0.0,1172
379,10,1,17.04,0.01,1173
379,12,1,18.42,0.0,1174
380,11,1,19.96,0.0,1175
381,14,1,18.54,0.0,1176
381,8,1,12.88,0.0,1177
381,3,1,45.65,0.06,1178
382,6,1,2.46,0.0,1179
382,15,1,33.4,0.0,1180
382,17,1,45.22,0.14,1181
383,1,1,49.31,0.0,1182
383,13,1,17.14,0.1,1183
383,7,1,17.79,0.0,1184
383,11,1,9.58,0.19,1185
383,7,1,25.6,0.0,1186
384,18,1,11.88,0.06,1187
385,13,1,40.52,0.0,1188
385,3,1,36.31,0.0,1189
385,19,1,17.84,0.16,1190
385,16,1,22.21,0.0,1191
385,3,1,33.1,0.0,1192
386,14,1,33.68,0.0,1193
386,14,1,21.01,0.0,1194
386,15,1,34.07,0.0,1195
387,17,1,43.34,0.0,1196
388,15,1,14.49,0.0,1197
388,20,1,42.86,0.0,1198
389,2,1,26.83,0.0,1199
389,5,1,13.16,0.0,1200
389,10,1,42.44,0.0,1201
389,3,1,32.25,0.0,1202
389,9,1,41.45,0.0,1203
390,20,1,12.95,0.03,1204
390,1,1,13.41,0.0,1205
390,15,1,25.04,0.0,1206
391,2,1,11.3,0.01,1207
391,9,1,33.45,0.17,1208
391,16,1,39.44,0.18,1209
391,11,1,30.68,0.0,1210
392,12,1,34.08,0.0,1211
392,13,1,47.24,0.0,1212
392,5,1,12.95,0.0,1213
392,17,1,46.75,0.0,1214
393,17,1,13.71,0.0,1215
393,8,1,30.59,0.0,1216
393,11,1,17.47,0.0,1217
393,13,1,40.58,0.0,1218
393,14,1,12.07,0.04,1219
394,15,1,21.31,0.0,1220
394,2,1,25.28,0.0,1221
394,4,1,16.85,0.0,1222
395,9,1,44.15,0.0,1223
395,12,1,24.55,0.0,1224
396,1,1,32.8,0.0,1225
396,2,1,42.31,0.0,1226
396,2,1,35.0,0.0,1227
397,9,1,28.31,0.0,1228
397,12,1,45.3,0.0,1229
398,8,1,43.1,0.0,1230
398,13,1,46.48,0.0,1231
398,10,1,5.88,0.0,1232
398,8,1,15.93,0.0,1233
398,6,1,45.92,0.0,1234
399,2,1,14.79,0.16,1235
399,16,1,24.35,0.0,1236
399,11,1,36.29,0.0,1237
399,4,1,41.48,0.0,1238
400,3,1,18.57,0.0,1239
400,18,1,37.28,0.0,1240
400,1,1,38.46,0.0,1241
400,6,1,32.06,0.0,1242
400,5,1,1.65,0.06,1243
401,3,1,6.88,0.14,1244
401,5,1,42.58,0.0,1245
401,11,1,23.4,0.0,1246
401,5,1,14.14,0.0,1247
401,11,1,40.28,0.08,1248
402,13,1,44.0,0.0,1249
402,19,1,12.39,0.0,1250
403,20,1,31.89,0.0,1251
403,15,1,11.12,0.0,1252
403,6,1,3.91,0.0,1253
403,20,1,14.12,0.07,1254
403,19,1,7.19,0.0,1255
404,15,1,41.62,0.0,1256
404,8,1,36.11,0.17,1257
404,9,1,15.47,0.0,1258
404,5,1,22.42,0.04,1259
405,7,1,21.79,0.0,1260
405,5,1,2.9,0.0,1261
405,8,1,31.46,0.0,1262
406,19,1,34.69,0.0,1263
406,1,1,24.24,0.0,1264
406,13,1,34.81,0.0,1265
407,20,1,13.93,0.01,1266
407,11,1,46.66,0.0,1267
407,12,1,49.84,0.0,1268
407,20,1,35.91,0.0,1269
408,9,1,25.97,0.0,1270
409,12,1,7.91,0.0,1271
409,2,1,29.65,0.1,1272
409,11,1,44.08,0.06,1273
409,17,1,22.5,0.06,1274
410,16,1,43.78,0.0,1275
410,12,1,46.42,0.18,1276
411,9,1,26.57,0.0,1277
411,6,1,16.8,0.0,1278
411,5,1,28.45,0.0,1279
411,15,1,4.08,0.05,1280
411,2,1,24.31,0.09,1281
412,16,1,3.48,0.0,1282
413,16,1,23.7,0.14,1283
413,5,1,7.5,0.17,1284
413,6,1,42.0,0.0,1285
413,9,1,28.82,0.0,1286
413,7,1,29.8,0.0,1287
414,19,1,10.26,0.0,1288
414,8,1,38.76,0.0,1289
414,11,1,2.76,0.0,1290
414,4,1,20.62,0.0,1291
414,4,1,42.09,0.02,1292
415,15,1,31.98,0.13,1293
415,11,1,48.53,0.0,1294
415,15,1,17.26,0.0,1295
415,19,1,7.77,0.0,1296
416,11,1,40.21,0.0,1297
416,18,1,47.67,0.0,1298
416,13,1,13.88,0.15,1299
417,3,1,2.49,0.08,1300
417,13,1,15.32,0.0,1301
417,5,1,7.35,0.0,1302
417,14,1,37.19,0.0,1303
418,5,1,18.91,0.07,1304
418,7,1,25.25,0.0,1305
418,16,1,14.52,0.0,1306
418,3,1,38.19,0.0,1307
418,20,1,10.54,0.0,1308
419,2,1,26.4,0.0,1309
420,5,1,46.64,0.0,1310
420,17,1,5.57,0.0,1311
421,16,1,16.07,0.0,1312
422,8,1,26.87,0.01,1313
422,3,1,45.99,0.0,1314
422,17,1,22.11,0.13,1315
423,9,1,18.74,0.0,1316
423,17,1,2.29,0.0,1317
423,15,1,10.21,0.08,1318
423,3,1,21.69,0.0,1319
423,11,1,29.98,0.0,1320
424,20,1,40.68,0.0,1321
424,6,1,11.74,0.2,1322
424,9,1,43.77,0.11,1323
424,1,1,20.65,0.13,1324
425,13,1,43.64,0.0,1325
425,20,1,36.71,0.0,1326
425,20,1,19.0,0.0,1327
425,13,1,40.53,0.03,1328
426,4,1,41.07,0.0,1329
426,7,1,43.16,0.13,1330
427,14,1,42.34,0.0,1331
427,18,1,10.76,0.0,1332
428,5,1,24.49,0.03,1333
428,5,1,37.33,0.0,1334
428,16,1,24.37,0.0,1335
428,19,1,13.27,0.17,1336
429,2,1,17.69,0.17,1337
429,14,1,49.01,0.0,1338
429,19,1,30.4,0.0,1339
429,10,1,3.3,0.0,1340
430,19,1,36.64,0.0,1341
430,16,1,12.75,0.0,1342
430,19,1,16.82,0.18,1343
430,14,1,44.62,0.12,1344
430,12,1,23.24,0.0,1345
431,10,1,36.72,0.0,1346
431,15,1,12.76,0.18,1347
432,20,1,42.89,0.0,1348
432,15,1,7.86,0.14,1349
432,14,1,41.9,0.0,1350
433,16,1,40.29,0.0,1351
433,20,1,11.55,0.0,1352
433,3,1,33.85,0.04,1353
434,16,1,6.39,0.0,1354
434,16,1,16.23,0.01,1355
434,1,1,18.9,0.14,1356
434,6,1,41.66,0.0,1357
434,2,1,40.63,0.0,1358
435,20,1,12.49,0.0,1359
436,9,1,49.69,0.0,1360
436,2,1,38.85,0.0,1361
436,5,1,42.89,0.0,1362
436,20,1,33.97,0.0,1363
437,15,1,48.19,0.0,1364
437,4,1,39.41,0.0,1365
437,4,1,41.45,0.02,1366
437,4,1,43.74,0.0,1367
438,10,1,35.85,0.0,1368
438,16,1,37.03,0.13,1369
439,5,1,7.46,0.19,1370
439,1,1,13.4,0.0,1371
439,11,1,15.41,0.05,1372
440,12,1,32.03,0.15,1373
440,17,1,21.95,0.16,1374
440,14,1,46.02,0.0,1375
440,17,1,40.04,0.0,1376
441,15,1,8.56,0.16,1377
442,3,1,17.91,0.0,1378
443,14,1,4.48,0.0,1379
443,5,1,45.27,0.13,1380
444,10,1,21.84,0.0,1381
444,18,1,43.87,0.0,1382
444,11,1,45.6,0.06,1383
444,17,1,31.1,0.08,1384
444,7,1,44.55,0.0,1385
445,15,1,35.33,0.0,1386
445,13,1,39.11,0.0,1387
445,3,1,3.29,0.0,1388
445,5,1,26.74,0.0,1389
445,7,1,6.0,0.0,1390
446,11,1,38.22,0.01,1391
446,18,1,30.24,0.15,1392
446,14,1,49.37,0.01,1393
446,12,1,14.1,0.0,1394
446,4,1,3.82,0.0,1395
447,15,1,15.95,0.0,1396
448,11,1,49.17,0.0,1397
448,19,1,28.93,0.0,1398
448,18,1,42.46,0.06,1399
448,19,1,34.11,0.0,1400
449,8,1,6.6,0.0,1401
449,7,1,41.41,0.0,1402
449,4,1,8.61,0.0,1403
449,14,1,5.47,0.18,1404
449,16,1,11.92,0.14,1405
450,19,1,28.61,0.0,1406
450,9,1,29.84,0.0,1407
450,15,1,34.92,0.0,1408
450,14,1,41.45,0.03,1409
451,5,1,48.45,0.0,1410
451,17,1,7.23,0.09,1411
451,6,1,47.29,0.0,1412
451,4,1,30.68,0.0,1413
452,12,1,29.23,0.03,1414
453,10,1,49.56,0.0,1415
453,16,1,2.86,0.16,1416
453,14,1,3.86,0.0,1417
454,7,1,10.38,0.0,1418
454,1,1,7.43,0.0,1419
454,2,1,21.75,0.0,1420
455,15,1,45.16,0.0,1421
455,16,1,41.97,0.0,1422
455,5,1,38.45,0.0,1423
455,15,1,38.44,0.0,1424
455,5,1,43.52,0.0,1425
456,20,1,21.37,0.08,1426
456,18,1,3.72,0.0,1427
456,15,1,37.19,0.0,1428
456,6,1,35.8,0.0,1429
456,10,1,28.71,0.11,1430
457,20,1,27.78,0.0,1431
457,19,1,26.81,0.0,1432
458,1,1,7.33,0.0,1433
458,6,1,48.18,0.04,1434
458,19,1,23.05,0.0,1435
458,20,1,17.04,0.0,1436
458,16,1,43.31,0.09,1437
459,1,1,43.19,0.0,1438
459,9,1,5.91,0.0,1439
459,18,1,9.66,0.05,1440
459,3,1,8.98,0.0,1441
460,2,1,31.3,0.0,1442
460,1,1,36.1,0.02,1443
461,14,1,44.81,0.19,1444
461,4,1,4.02,0.12,1445
462,16,1,26.17,0.0,1446
462,4,1,14.56,0.0,1447
463,14,1,4.67,0.13,1448
463,1,1,14.55,0.0,1449
463,4,1,13.45,0.0,1450
463,5,1,16.27,0.0,1451
463,3,1,42.54,0.0,1452
464,12,1,27.71,0.05,1453
464,14,1,48.13,0.0,1454
465,1,1,40.91,0.0,1455
466,10,1,33.17,0.01,1456
466,16,1,14.76,0.14,1457
466,12,1,42.36,0.17,1458
466,10,1,3.71,0.0,1459
466,19,1,4.89,0.14,1460
467,18,1,49.94,0.0,1461
467,7,1,31.11,0.0,1462
468,11,1,32.31,0.0,1463
468,15,1,14.74,0.0,1464
468,11,1,18.07,0.0,1465
469,11,1,2.27,0.0,1466
469,1,1,31.03,0.0,1467
469,6,1,21.54,0.0,1468
469,16,1,38.48,0.0,1469
469,3,1,27.62,0.0,1470
470,4,1,18.62,0.0,1471
470,20,1,18.86,0.15,1472
470,1,1,7.55,0.0,1473
470,7,1,23.06,0.0,1474
471,12,1,10.79,0.0,1475
471,10,1,40.71,0.2,1476
471,12,1,3.28,0.0,1477
472,7,1,1.85,0.0,1478
472,13,1,6.88,0.1,1479
472,6,1,28.26,0.0,1480
472,19,1,34.1,0.0,1481
472,6,1,4.67,0.01,1482
473,19,1,42.99,0.0,1483
473,9,1,10.8,0.0,1484
473,18,1,31.3,0.0,1485
474,1,1,46.99,0.0,1486
474,2,1,42.91,0.0,1487
474,14,1,14.79,0.0,1488
474,15,1,25.54,0.0,1489
475,8,1,3.78,0.0,1490
476,15,1,16.84,0.0,1491
476,11,1,5.47,0.0,1492
476,1,1,49.53,0.14,1493
476,3,1,45.97,0.07,1494
476,3,1,31.86,0.1,1495
477,19,1,40.17,0.0,1496
478,8,1,6.73,0.07,1497
478,2,1,41.35,0.0,1498
478,8,1,47.26,0.0,1499
479,15,1,38.56,0.0,1500
479,19,1,7.55,0.0,1501
479,2,1,19.8,0.0,1502
479,3,1,39.46,0.16,1503
479,2,1,16.12,0.0,1504
480,4,1,34.36,0.0,1505
481,13,1,20.98,0.0,1506
481,14,1,12.81,0.0,1507
481,20,1,2.01,0.0,1508
482,20,1,31.53,0.0,1509
482,1,1,23.52,0.0,1510
482,7,1,6.74,0.14,1511
482,19,1,39.79,0.11,1512
483,9,1,18.74,0.0,1513
483,20,1,23.06,0.16,1514
483,2,1,7.69,0.0,1515
483,17,1,48.05,0.0,1516
483,10,1,29.81,0.0,1517
484,5,1,24.27,0.0,1518
484,10,1,19.39,0.12,1519
485,2,1,13.01,0.0,1520
485,18,1,43.15,0.0,1521
486,7,1,32.57,0.01,1522
486,7,1,33.89,0.0,1523
487,20,1,35.08,0.0,1524
487,19,1,48.21,0.0,1525
487,14,1,17.44,0.18,1526
487,2,1,25.55,0.0,1527
488,8,1,24.13,0.1,1528
488,11,1,40.65,0.0,1529
489,6,1,41.57,0.0,1530
489,12,1,2.96,0.06,1531
489,7,1,32.12,0.0,1532
489,12,1,3.63,0.04,1533
490,8,1,44.44,0.0,1534
490,11,1,42.61,0.04,1535
491,9,1,45.67,0.14,1536
491,13,1,33.26,0.0,1537
492,7,1,16.3,0.16,1538
492,6,1,47.15,0.0,1539
492,20,1,44.26,0.0,1540
493,4,1,8.5,0.0,1541
494,7,1,27.33,0.0,1542
494,11,1,30.58,0.0,1543
495,2,1,38.51,0.0,1544
495,18,1,15.77,0.05,1545
496,5,1,42.8,0.0,1546
496,16,1,11.65,0.09,1547
496,20,1,4.65,0.0,1548
497,12,1,25.68,0.0,1549
497,11,1,36.06,0.0,1550
497,16,1,36.21,0.0,1551
497,9,1,29.69,0.0,1552
497,19,1,33.01,0.18,1553
498,8,1,20.7,0.0,1554
498,13,1,29.21,0.0,1555
498,12,1,13.84,0.15,1556
498,10,1,23.06,0.0,1557
499,2,1,24.06,0.0,1558
499,14,1,23.38,0.0,1559
499,12,1,40.52,0.0,1560
499,13,1,2.7,0.0,1561
499,9,1,32.8,0.0,1562
500,10,1,42.37,0.0,1563
501,9,1,46.44,0.01,1564
502,18,1,11.21,0.07,1565
503,9,1,10.75,0.0,1566
503,5,1,49.92,0.0,1567
503,18,1,45.75,0.06,1568
504,13,1,47.37,0.0,1569
504,1,1,24.39,0.0,1570
504,5,1,43.48,0.14,1571
505,16,1,12.84,0.0,1572
505,18,1,38.24,0.0,1573
506,11,1,39.91,0.0,1574
506,7,1,22.3,0.0,1575
506,14,1,11.66,0.0,1576
506,18,1,2.96,0.17,1577
507,1,1,25.74,0.0,1578
507,12,1,17.98,0.0,1579
507,13,1,38.5,0.0,1580
508,11,1,29.97,0.0,1581
508,2,1,46.22,0.19,1582
508,11,1,29.06,0.0,1583
509,19,1,43.55,0.0,1584
509,7,1,47.51,0.08,1585
509,16,1,6.77,0.0,1586
509,15,1,32.49,0.0,1587
509,6,1,6.56,0.0,1588
510,20,1,25.2,0.01,1589
511,10,1,11.49,0.1,1590
511,15,1,4.29,0.0,1591
511,6,1,17.35,0.0,1592
511,13,1,9.12,0.11,1593
512,3,1,20.37,0.0,1594
512,7,1,7.8,0.09,1595
512,16,1,9.2,0.0,1596
512,10,1,29.99,0.0,1597
513,9,1,11.28,0.0,1598
513,15,1,4.6,0.0,1599
513,8,1,27.0,0.0,1600
513,16,1,23.82,0.0,1601
514,10,1,32.85,0.0,1602
515,10,1,20.47,0.0,1603
515,6,1,21.63,0.12,1604
515,14,1,23.7,0.0,1605
516,19,1,6.13,0.0,1606
516,2,1,13.13,0.0,1607
517,18,1,15.66,0.0,1608
517,7,1,45.57,0.0,1609
517,18,1,7.38,0.0,1610
518,17,1,38.68,0.0,1611
519,6,1,13.76,0.0,1612
519,15,1,2.8,0.0,1613
519,15,1,19.99,0.0,1614
519,7,1,20.74,0.02,1615
520,11,1,34.01,0.0,1616
520,15,1,4.81,0.0,1617
521,15,1,8.3,0.0,1618
521,6,1,9.77,0.02,1619
522,4,1,27.43,0.0,1620
522,3,1,34.06,0.05,1621
522,15,1,18.87,0.01,1622
523,7,1,22.94,0.13,1623
523,17,1,32.59,0.0,1624
523,4,1,20.44,0.0,1625
523,2,1,30.51,0.08,1626
523,7,1,46.55,0.0,1627
524,7,1,5.93,0.0,1628
524,1,1,17.85,0.13,1629
525,4,1,40.15,0.0,1630
525,6,1,36.61,0.1,1631
526,11,1,28.76,0.04,1632
526,18,1,20.66,0.0,1633
526,8,1,11.87,0.0,1634
527,1,1,21.0,0.0,1635
527,13,1,11.82,0.13,1636
528,20,1,19.4,0.04,1637
528,10,1,38.73,0.0,1638
528,4,1,36.06,0.0,1639
529,6,1,13.72,0.06,1640
529,13,1,34.38,0.0,1641
529,5,1,17.6,0.0,1642
529,11,1,48.93,0.0,1643
529,3,1,17.75,0.0,1644
530,15,1,20.05,0.0,1645
530,8,1,25.92,0.0,1646
530,1,1,12.78,0.0,1647
530,4,1,16.48,0.0,1648
530,8,1,31.56,0.07,1649
531,7,1,8.86,0.01,1650
531,20,1,49.44,0.0,1651
531,11,1,8.01,0.0,1652
532,17,1,39.9,0.0,1653
533,1,1,12.61,0.0,1654
533,11,1,13.25,0.0,1655
533,8,1,40.37,0.0,1656
534,20,1,43.83,0.0,1657
534,6,1,22.95,0.17,1658
535,7,1,4.03,0.0,1659
536,5,1,5.95,0.0,1660
536,7,1,12.96,0.14,1661
537,6,1,36.5,0.04,1662
537,8,1,16.2,0.0,1663
537,7,1,14.69,0.0,1664
538,12,1,20.81,0.09,1665
539,20,1,37.14,0.0,1666
539,16,1,2.46,0.0,1667
539,3,1,38.3,0.0,1668
539,20,1,27.55,0.0,1669
539,6,1,13.98,0.0,1670
540,10,1,19.69,0.0,1671
540,3,1,17.66,0.0,1672
540,7,1,9.0,0.0,1673
540,17,1,36.92,0.0,1674
541,14,1,47.1,0.0,1675
541,12,1,20.13,0.0,1676
541,19,1,4.95,0.0,1677
541,4,1,20.16,0.0,1678
542,14,1,47.92,0.0,1679
542,12,1,26.22,0.0,1680
543,2,1,33.07,0.0,1681
543,8,1,13.25,0.16,1682
543,1,1,35.33,0.0,1683
544,20,1,23.59,0.0,1684
544,9,1,13.5,0.0,1685
544,6,1,2.1,0.0,1686
545,13,1,35.74,0.0,1687
545,3,1,26.65,0.08,1688
545,14,1,13.76,0.0,1689
545,18,1,33.44,0.0,1690
546,14,1,37.99,0.0,1691
546,3,1,6.8,0.0,1692
546,12,1,40.99,0.04,1693
547,10,1,1.81,0.1,1694
547,4,1,4.89,0.0,1695
547,17,1,21.72,0.09,1696
547,6,1,19.67,0.0,1697
548,16,1,10.33,0.0,1698
548,15,1,29.0,0.04,1699
549,7,1,14.08,0.0,1700
549,14,1,22.88,0.0,1701
550,6,1,5.37,0.02,1702
551,11,1,2.94,0.1,1703
552,1,1,4.46,0.0,1704
553,19,1,39.78,0.04,1705
554,13,1,30.74,0.0,1706
555,16,1,24.45,0.0,1707
555,14,1,17.82,0.0,1708
555,11,1,49.97,0.0,1709
556,13,1,19.85,0.07,1710
556,11,1,40.6,0.17,1711
556,13,1,36.67,0.0,1712
557,1,1,30.69,0.0,1713
557,9,1,47.63,0.0,1714
558,12,1,23.42,0.0,1715
558,16,1,26.47,0.0,1716
559,11,1,2.31,0.0,1717
560,11,1,34.38,0.1,1718
561,3,1,18.39,0.0,1719
561,16,1,49.36,0.0,1720
561,4,1,37.11,0.04,1721
561,5,1,43.69,0.0,1722
561,17,1,3.04,0.0,1723
562,10,1,41.87,0.0,1724
563,6,1,44.98,0.0,1725
563,16,1,33.64,0.04,1726
563,3,1,6.62,0.0,1727
563,1,1,9.27,0.0,1728
564,9,1,12.19,0.1,1729
564,4,1,33.78,0.0,1730
564,16,1,5.89,0.0,1731
564,8,1,46.69,0.0,1732
565,3,1,32.73,0.0,1733
565,13,1,33.22,0.0,1734
565,14,1,40.71,0.02,1735
565,3,1,6.9,0.0,1736
565,19,1,46.95,0.0,1737
566,19,1,19.34,0.0,1738
567,19,1,37.24,0.0,1739
567,19,1,27.48,0.0,1740
567,14,1,17.0,0.0,1741
567,5,1,26.71,0.0,1742
568,4,1,20.67,0.0,1743
568,15,1,16.82,0.0,1744
569,8,1,25.74,0.0,1745
569,20,1,15.24,0.0,1746
569,2,1,30.55,0.0,1747
570,9,1,49.85,0.0,1748
571,7,1,25.51,0.0,1749
571,13,1,4.35,0.0,1750
571,5,1,41.65,0.15,1751
571,8,1,35.47,0.17,1752
572,16,1,36.78,0.16,1753
572,6,1,49.57,0.0,1754
573,14,1,34.38,0.0,1755
573,13,1,20.47,0.0,1756
573,10,1,15.19,0.0,1757
574,13,1,6.22,0.0,1758
574,19,1,43.49,0.19,1759
574,10,1,23.69,0.03,1760
574,16,1,15.62,0.04,1761
574,7,1,37.16,0.15,1762
575,4,1,34.4,0.0,1763
575,5,1,19.76,0.0,1764
575,6,1,46.41,0.19,1765
575,6,1,47.34,0.1,1766
575,11,1,30.28,0.0,1767
576,8,1,3.15,0.1,1768
576,20,1,47.8,0.0,1769
576,13,1,39.13,0.0,1770
576,3,1,39.22,0.0,1771
577,9,1,32.17,0.0,1772
577,1,1,7.32,0.1,1773
577,17,1,12.41,0.0,1774
577,19,1,24.76,0.0,1775
578,19,1,10.28,0.0,1776
579,10,1,29.21,0.01,1777
579,18,1,10.47,0.0,1778
579,1,1,20.6,0.0,1779
579,17,1,25.2,0.0,1780
580,18,1,36.12,0.0,1781
580,4,1,38.05,0.13,1782
580,4,1,10.26,0.0,1783
580,6,1,1.76,0.0,1784
580,11,1,7.47,0.04,1785
581,3,1,28.78,0.0,1786
581,2,1,5.6,0.06,1787
582,6,1,22.02,0.0,1788
582,1,1,13.54,0.19,1789
582,10,1,33.47,0.0,1790
582,19,1,25.29,0.0,1791
582,12,1,30.9,0.0,1792
583,2,1,13.0,0.06,1793
584,5,1,30.7,0.07,1794
584,5,1,36.86,0.0,1795
585,9,1,14.14,0.0,1796
585,6,1,20.9,0.05,1797
585,14,1,47.1,0.04,1798
585,9,1,49.77,0.0,1799
585,7,1,36.15,0.0,1800
586,20,1,9.46,0.0,1801
586,11,1,49.63,0.0,1802
586,1,1,48.25,0.05,1803
586,18,1,6.83,0.0,1804
586,3,1,17.47,0.18,1805
587,5,1,43.64,0.0,1806
587,13,1,49.01,0.19,1807
587,4,1,10.02,0.0,1808
588,19,1,41.34,0.0,1809
588,17,1,18.42,0.0,1810
588,10,1,28.25,0.0,1811
589,6,1,16.92,0.0,1812
590,12,1,40.6,0.0,1813
590,18,1,28.26,0.0,1814
591,16,1,30.23,0.14,1815
591,5,1,33.39,0.11,1816
591,9,1,4.06,0.0,1817
591,12,1,35.81,0.12,1818
592,6,1,22.79,0.0,1819
592,15,1,25.86,0.09,1820
592,8,1,16.3,0.0,1821
592,10,1,21.22,0.0,1822
593,3,1,5.22,0.02,1823
594,2,1,5.6,0.19,1824
594,1,1,48.17,0.0,1825
594,17,1,46.72,0.1,1826
594,18,1,35.35,0.0,1827
594,20,1,10.72,0.0,1828
595,14,1,35.58,0.0,1829
596,17,1,34.68,0.09,1830
596,6,1,34.21,0.0,1831
597,8,1,9.98,0.0,1832
597,5,1,26.41,0.0,1833
597,14,1,25.53,0.19,1834
597,11,1,45.83,0.11,1835
597,4,1,15.57,0.0,1836
598,7,1,1.61,0.0,1837
598,13,1,12.05,0.0,1838
598,17,1,41.55,0.09,1839
599,16,1,4.29,0.09,1840
599,10,1,18.66,0.18,1841
599,6,1,21.0,0.09,1842
599,7,1,5.61,0.0,1843
599,5,1,21.42,0.0,1844
600,5,1,38.82,0.09,1845
