-- Este script insere dados de exemplo nas tabelas do banco de dados LighterTrackDB.
-- As inserções são feitas na ordem correta para respeitar as chaves estrangeiras.

USE LighterTrackDB;
GO

-- Inserção de dados na tabela Estados (30 registros)
PRINT 'Inserindo dados na tabela Estados...';
GO
INSERT INTO Estados (nome_estado, sigla, regiao) VALUES
('São Paulo', 'SP', 'Sudeste'),
('Rio de Janeiro', 'RJ', 'Sudeste'),
('Minas Gerais', 'MG', 'Sudeste'),
('Espírito Santo', 'ES', 'Sudeste'),
('Paraná', 'PR', 'Sul'),
('Santa Catarina', 'SC', 'Sul'),
('Rio Grande do Sul', 'RS', 'Sul'),
('Bahia', 'BA', 'Nordeste'),
('Pernambuco', 'PE', 'Nordeste'),
('Ceará', 'CE', 'Nordeste'),
('Paraíba', 'PB', 'Nordeste'),
('Rio Grande do Norte', 'RN', 'Nordeste'),
('Sergipe', 'SE', 'Nordeste'),
('Alagoas', 'AL', 'Nordeste'),
('Piauí', 'PI', 'Nordeste'),
('Maranhão', 'MA', 'Nordeste'),
('Goiás', 'GO', 'Centro-Oeste'),
('Mato Grosso', 'MT', 'Centro-Oeste'),
('Mato Grosso do Sul', 'MS', 'Centro-Oeste'),
('Distrito Federal', 'DF', 'Centro-Oeste'),
('Rondônia', 'RO', 'Norte'),
('Acre', 'AC', 'Norte'),
('Amazonas', 'AM', 'Norte'),
('Roraima', 'RR', 'Norte'),
('Pará', 'PA', 'Norte'),
('Amapá', 'AP', 'Norte'),
('Tocantins', 'TO', 'Norte'),
('São Paulo', 'SP', 'Sudeste'),
('Rio de Janeiro', 'RJ', 'Sudeste'),
('Minas Gerais', 'MG', 'Sudeste');
GO

-- Inserção de dados na tabela Cidades (40 registros)
PRINT 'Inserindo dados na tabela Cidades...';
GO
INSERT INTO Cidades (id_estado, nome_cidade, latitude, longitude) VALUES
(1, 'São Paulo', -23.550520, -46.633308),
(1, 'Campinas', -22.905600, -47.060800),
(2, 'Rio de Janeiro', -22.906800, -43.172900),
(2, 'Niterói', -22.898800, -43.109800),
(3, 'Belo Horizonte', -19.916700, -43.934500),
(3, 'Uberlândia', -18.918700, -48.277200),
(4, 'Vitória', -20.279600, -40.338600),
(5, 'Curitiba', -25.428400, -49.273300),
(5, 'Londrina', -23.304500, -51.169600),
(6, 'Florianópolis', -27.595400, -48.548000),
(6, 'Blumenau', -26.918800, -49.065900),
(7, 'Porto Alegre', -30.034600, -51.217700),
(7, 'Gramado', -29.374600, -50.876100),
(8, 'Salvador', -12.971400, -38.501400),
(8, 'Porto Seguro', -16.442200, -39.064500),
(9, 'Recife', -8.047600, -34.876900),
(9, 'Olinda', -8.016600, -34.871100),
(10, 'Fortaleza', -3.731900, -38.526700),
(10, 'Jericoacoara', -2.784400, -40.512600),
(11, 'João Pessoa', -7.119900, -34.845000),
(12, 'Natal', -5.794500, -35.211000),
(13, 'Aracaju', -10.947200, -37.073100),
(14, 'Maceió', -9.665900, -35.735600),
(15, 'Teresina', -5.091900, -42.810500),
(16, 'São Luís', -2.530300, -44.306000),
(17, 'Goiânia', -16.678600, -49.256000),
(18, 'Cuiabá', -15.598900, -56.094900),
(19, 'Campo Grande', -20.442800, -54.646300),
(20, 'Brasília', -15.794200, -47.882200),
(21, 'Porto Velho', -8.761800, -63.903900),
(22, 'Rio Branco', -9.974900, -67.810700),
(23, 'Manaus', -3.119000, -60.021700),
(24, 'Boa Vista', 2.819700, -60.670900),
(25, 'Belém', -1.455800, -48.503500),
(26, 'Macapá', 0.038700, -51.066400),
(27, 'Palmas', -10.212500, -48.339200),
(1, 'Guarulhos', -23.453900, -46.533000),
(2, 'Angra dos Reis', -23.003900, -44.316800),
(3, 'Ouro Preto', -20.386000, -43.503400),
(3, 'Juiz de Fora', -21.763400, -43.349600);
GO

-- Inserção de dados na tabela Marcas (30 registros)
PRINT 'Inserindo dados na tabela Marcas...';
GO
INSERT INTO Marcas (nome_marca, pais_origem) VALUES
('Bic', 'França'),
('Zippo', 'Estados Unidos'),
('Clipper', 'Espanha'),
('Cricket', 'Holanda'),
('Djeep', 'França'),
('Colibri', 'Estados Unidos'),
('S.T. Dupont', 'França'),
('Ronson', 'Estados Unidos'),
('Tokai', 'Brasil'),
('Windmill', 'Japão'),
('IMCO', 'Áustria'),
('Vector', 'Estados Unidos'),
('Feudor', 'França'),
('Flaminaire', 'França'),
('Dunhill', 'Reino Unido'),
('Penguin', 'Japão'),
('Crown', 'Reino Unido'),
('Firebird', 'Estados Unidos'),
('Visol', 'China'),
('Honest', 'China'),
('Atomic', 'China'),
('Eagle Torch', 'China'),
('Bernzomatic', 'Estados Unidos'),
('Jobon', 'China'),
('Union', 'Brasil'),
('Elie Bleu', 'França'),
('Riva', 'Itália'),
('Ronson', 'Estados Unidos'),
('Bic', 'França'),
('Zippo', 'Estados Unidos');
GO

-- Inserção de dados na tabela Categorias (30 registros)
PRINT 'Inserindo dados na tabela Categorias...';
GO
INSERT INTO Categorias (nome_categoria, descricao) VALUES
('Mini', 'Isqueiros pequenos, ideais para portabilidade.'),
('Padrão', 'Tamanho regular, mais comum e versátil.'),
('Grande', 'Isqueiros de tamanho maior, com mais gás.'),
('Eletrônico', 'Acendimento por faísca eletrônica, sem pedras.'),
('Recarregável', 'Isqueiros que podem ser reabastecidos com gás ou fluido.'),
('Descartável', 'Isqueiros de uso único, não recarregáveis.'),
('Maçarico', 'Isqueiros com chama concentrada e intensa.'),
('À Prova de Vento', 'Chama resistente a condições de vento.'),
('Clássico', 'Modelos tradicionais com design icônico.'),
('Decorativo', 'Isqueiros com acabamento artístico ou personalizado.'),
('De Mesa', 'Isqueiros grandes para uso em superfícies fixas.'),
('Fósforo Elétrico', 'Dispositivos eletrônicos que simulam fósforos.'),
('Arco Elétrico', 'Acendimento por arco de plasma sem chama.'),
('A Gás', 'Combutível primário é gás butano.'),
('A Fluido', 'Combustível primário é fluido de isqueiro.'),
('De Cozinha', 'Isqueiros de haste longa para uso culinário.'),
('Com Lanterna', 'Função adicional de lanterna LED.'),
('Multifuncional', 'Combina várias ferramentas em um único isqueiro.'),
('De Bolso', 'Categoria para isqueiros pequenos.'),
('Esportivo', 'Design robusto para atividades ao ar livre.'),
('Luxo', 'Materiais e acabamento de alta qualidade.'),
('Infantil', 'Designs coloridos e lúdicos.'),
('Com Trava', 'Mecanismo de segurança para evitar acionamento acidental.'),
('Transparente', 'Isqueiros com corpo que permite ver o nível de gás.'),
('Personalizado', 'Isqueiros customizáveis com nomes ou logos.'),
('Com Abridor', 'Ferramenta de abridor de garrafas acoplada.'),
('Chama Ajustável', 'Possui um regulador para controlar o tamanho da chama.'),
('Eco-friendly', 'Materiais reciclados ou biodegradáveis.'),
('Colecionável', 'Modelos de edição limitada ou raros.'),
('Senzu', 'Isqueiros com um sensor de acendimento.');
GO

-- Inserção de dados na tabela Isqueiros (50 registros)
PRINT 'Inserindo dados na tabela Isqueiros...';
GO
INSERT INTO Isqueiros (id_marca, id_categoria, nome_isqueiro, cor, material, tipo_combustivel, preco_medio) VALUES
(1, 2, 'Bic Padrão', 'Preto', 'Plástico', 'Gás', 2.50),
(1, 1, 'Bic Mini', 'Azul', 'Plástico', 'Gás', 2.00),
(2, 9, 'Zippo Clássico', 'Cromado', 'Metal', 'Fluido', 150.00),
(3, 1, 'Clipper Micro', 'Verde', 'Plástico', 'Gás', 5.00),
(3, 5, 'Clipper Recarregável', 'Transparente', 'Plástico', 'Gás', 7.50),
(4, 2, 'Cricket Original', 'Vermelho', 'Plástico', 'Gás', 3.00),
(5, 2, 'Djeep Compacto', 'Amarelo', 'Plástico', 'Gás', 8.00),
(6, 11, 'Colibri de Mesa', 'Bronze', 'Metal', 'Gás', 250.00),
(7, 21, 'S.T. Dupont Ligne 2', 'Prata', 'Metal', 'Gás', 3000.00),
(8, 9, 'Ronson Comet', 'Prata', 'Metal', 'Fluido', 80.00),
(9, 2, 'Tokai Padrão', 'Branco', 'Plástico', 'Gás', 2.00),
(10, 8, 'Windmill A Prova de Vento', 'Cinza', 'Plástico', 'Gás', 120.00),
(1, 2, 'Bic Padrão', 'Vermelho', 'Plástico', 'Gás', 2.50),
(1, 1, 'Bic Mini', 'Verde', 'Plástico', 'Gás', 2.00),
(2, 9, 'Zippo Clássico', 'Dourado', 'Metal', 'Fluido', 180.00),
(3, 1, 'Clipper Micro', 'Rosa', 'Plástico', 'Gás', 5.00),
(3, 5, 'Clipper Recarregável', 'Preto', 'Plástico', 'Gás', 7.50),
(4, 2, 'Cricket Original', 'Azul', 'Plástico', 'Gás', 3.00),
(5, 2, 'Djeep Compacto', 'Laranja', 'Plástico', 'Gás', 8.00),
(6, 11, 'Colibri de Mesa', 'Dourado', 'Metal', 'Gás', 270.00),
(7, 21, 'S.T. Dupont Ligne 2', 'Ouro', 'Metal', 'Gás', 3500.00),
(8, 9, 'Ronson Comet', 'Bronze', 'Metal', 'Fluido', 90.00),
(9, 2, 'Tokai Padrão', 'Laranja', 'Plástico', 'Gás', 2.00),
(10, 8, 'Windmill A Prova de Vento', 'Preto', 'Plástico', 'Gás', 130.00),
(1, 2, 'Bic Padrão', 'Verde', 'Plástico', 'Gás', 2.50),
(1, 1, 'Bic Mini', 'Amarelo', 'Plástico', 'Gás', 2.00),
(2, 9, 'Zippo Clássico', 'Cobre', 'Metal', 'Fluido', 160.00),
(3, 1, 'Clipper Micro', 'Cinza', 'Plástico', 'Gás', 5.00),
(3, 5, 'Clipper Recarregável', 'Azul', 'Plástico', 'Gás', 7.50),
(4, 2, 'Cricket Original', 'Roxo', 'Plástico', 'Gás', 3.00),
(5, 2, 'Djeep Compacto', 'Branco', 'Plástico', 'Gás', 8.00),
(6, 11, 'Colibri de Mesa', 'Cromado', 'Metal', 'Gás', 260.00),
(7, 21, 'S.T. Dupont Ligne 2', 'Grafite', 'Metal', 'Gás', 3100.00),
(8, 9, 'Ronson Comet', 'Preto', 'Metal', 'Fluido', 85.00),
(9, 2, 'Tokai Padrão', 'Rosa', 'Plástico', 'Gás', 2.00),
(10, 8, 'Windmill A Prova de Vento', 'Verde', 'Plástico', 'Gás', 125.00),
(1, 2, 'Bic Padrão', 'Ciano', 'Plástico', 'Gás', 2.50),
(1, 1, 'Bic Mini', 'Magenta', 'Plástico', 'Gás', 2.00),
(2, 9, 'Zippo Clássico', 'Latão', 'Metal', 'Fluido', 170.00),
(3, 1, 'Clipper Micro', 'Creme', 'Plástico', 'Gás', 5.00),
(3, 5, 'Clipper Recarregável', 'Ciano', 'Plástico', 'Gás', 7.50),
(4, 2, 'Cricket Original', 'Roxo', 'Plástico', 'Gás', 3.00),
(5, 2, 'Djeep Compacto', 'Verde', 'Plástico', 'Gás', 8.00),
(6, 11, 'Colibri de Mesa', 'Preto', 'Metal', 'Gás', 280.00),
(7, 21, 'S.T. Dupont Ligne 2', 'Azul', 'Metal', 'Gás', 3200.00),
(8, 9, 'Ronson Comet', 'Verde', 'Metal', 'Fluido', 95.00),
(9, 2, 'Tokai Padrão', 'Roxo', 'Plástico', 'Gás', 2.00),
(10, 8, 'Windmill A Prova de Vento', 'Azul', 'Plástico', 'Gás', 115.00),
(1, 2, 'Bic Padrão', 'Amarelo', 'Plástico', 'Gás', 2.50),
(1, 1, 'Bic Mini', 'Preto', 'Plástico', 'Gás', 2.00);
GO

-- Inserção de dados na tabela Usuarios (40 registros)
PRINT 'Inserindo dados na tabela Usuarios...';
GO
INSERT INTO Usuarios (id_cidade, nome, email, data_cadastro, idade, profissao, data_ultimo_acesso) VALUES
(1, 'João Silva', 'joao.silva@email.com', '2022-01-15', 28, 'Engenheiro', GETDATE()),
(2, 'Maria Santos', 'maria.santos@email.com', '2022-02-20', 35, 'Arquiteta', GETDATE()),
(3, 'Pedro Costa', 'pedro.costa@email.com', '2022-03-10', 45, 'Analista', GETDATE()),
(4, 'Ana Oliveira', 'ana.oliveira@email.com', '2022-04-05', 22, 'Estudante', GETDATE()),
(5, 'Carlos Souza', 'carlos.souza@email.com', '2022-05-01', 50, 'Médico', GETDATE()),
(6, 'Juliana Almeida', 'juliana.almeida@email.com', '2022-06-12', 31, 'Designer', GETDATE()),
(7, 'Lucas Rocha', 'lucas.rocha@email.com', '2022-07-18', 25, 'Desenvolvedor', GETDATE()),
(8, 'Fernanda Lima', 'fernanda.lima@email.com', '2022-08-25', 40, 'Advogada', GETDATE()),
(9, 'Gustavo Martins', 'gustavo.martins@email.com', '2022-09-30', 29, 'Professor', GETDATE()),
(10, 'Patrícia Ferreira', 'patricia.ferreira@email.com', '2022-10-02', 33, 'Jornalista', GETDATE()),
(11, 'Ricardo Gomes', 'ricardo.gomes@email.com', '2022-11-08', 38, 'Gerente', GETDATE()),
(12, 'Amanda Dias', 'amanda.dias@email.com', '2022-12-15', 26, 'Artista', GETDATE()),
(13, 'Felipe Souza', 'felipe.souza@email.com', '2023-01-20', 42, 'Empresário', GETDATE()),
(14, 'Mariana Costa', 'mariana.costa@email.com', '2023-02-28', 21, 'Estudante', GETDATE()),
(15, 'Rafael Nunes', 'rafael.nunes@email.com', '2023-03-01', 37, 'Contador', GETDATE()),
(16, 'Isabela Pereira', 'isabela.pereira@email.com', '2023-04-04', 30, 'Nutricionista', GETDATE()),
(17, 'Paulo Castro', 'paulo.castro@email.com', '2023-05-13', 55, 'Aposentado', GETDATE()),
(18, 'Letícia Alves', 'leticia.alves@email.com', '2023-06-19', 24, 'Publicitária', GETDATE()),
(19, 'Gabriel Barbosa', 'gabriel.barbosa@email.com', '2023-07-22', 29, 'Eletricista', GETDATE()),
(20, 'Clara Rocha', 'clara.rocha@email.com', '2023-08-01', 36, 'Psicóloga', GETDATE()),
(21, 'André Lima', 'andre.lima@email.com', '2023-09-09', 41, 'Policial', GETDATE()),
(22, 'Beatriz Santos', 'beatriz.santos@email.com', '2023-10-18', 27, 'Enfermeira', GETDATE()),
(23, 'Daniel Ferreira', 'daniel.ferreira@email.com', '2023-11-25', 32, 'Mecânico', GETDATE()),
(24, 'Larissa Mendes', 'larissa.mendes@email.com', '2023-12-05', 48, 'Vendedora', GETDATE()),
(25, 'Roberto Oliveira', 'roberto.oliveira@email.com', '2024-01-01', 39, 'Gerente de TI', GETDATE()),
(26, 'Camila Martins', 'camila.martins@email.com', '2024-02-10', 23, 'Chef de Cozinha', GETDATE()),
(27, 'Vinícius Silva', 'vinicius.silva@email.com', '2024-03-17', 28, 'Tatuador', GETDATE()),
(28, 'Helena Costa', 'helena.costa@email.com', '2024-04-21', 34, 'Fotógrafa', GETDATE()),
(29, 'Eduardo Almeida', 'eduardo.almeida@email.com', '2024-05-29', 47, 'Farmacêutico', GETDATE()),
(30, 'Alice Souza', 'alice.souza@email.com', '2024-06-03', 25, 'Personal Trainer', GETDATE()),
(31, 'Bruno Mendes', 'bruno.mendes@email.com', '2024-06-15', 31, 'Fisioterapeuta', GETDATE()),
(32, 'Carla Lima', 'carla.lima@email.com', '2024-07-01', 26, 'Dentista', GETDATE()),
(33, 'Diego Fernandes', 'diego.fernandes@email.com', '2024-07-12', 33, 'Programador', GETDATE()),
(34, 'Erica Santos', 'erica.santos@email.com', '2024-07-28', 39, 'Artesã', GETDATE()),
(35, 'Fernando Rocha', 'fernando.rocha@email.com', '2024-08-05', 44, 'Motorista', GETDATE()),
(36, 'Giovanna Costa', 'giovanna.costa@email.com', '2024-08-19', 22, 'Estudante', GETDATE()),
(37, 'Hugo Barbosa', 'hugo.barbosa@email.com', '2024-08-27', 29, 'Jardineiro', GETDATE()),
(38, 'Ingrid Lima', 'ingrid.lima@email.com', '2024-09-02', 30, 'Secretária', GETDATE()),
(39, 'Jorge Nunes', 'jorge.nunes@email.com', '2024-09-10', 51, 'Artesão', GETDATE()),
(40, 'Karen Pereira', 'karen.pereira@email.com', '2024-09-11', 24, 'Estagiária', GETDATE());
GO

-- Inserção de dados na tabela Estabelecimentos (35 registros)
PRINT 'Inserindo dados na tabela Estabelecimentos...';
GO
INSERT INTO Estabelecimentos (id_cidade, nome_estabelecimento, tipo_comercio, endereco) VALUES
(1, 'Supermercado Pão de Açúcar', 'Supermercado', 'Rua Augusta, 1000'),
(1, 'Tabacaria Central', 'Tabacaria', 'Avenida Paulista, 1500'),
(2, 'Posto Shell', 'Posto de Gasolina', 'Avenida Brasil, 250'),
(3, 'Lojas Americanas', 'Loja de Conveniência', 'Rua do Ouvidor, 50'),
(3, 'Banca de Jornal', 'Banca de Jornal', 'Praça da Sé, 10'),
(4, 'Drogaria Pacheco', 'Farmácia', 'Avenida Rio Branco, 300'),
(5, 'BH Shopping', 'Shopping Center', 'BR-356, 3049'),
(6, 'Supermercado Extra', 'Supermercado', 'Avenida Afonso Pena, 2000'),
(7, 'Tabacaria Ouro Preto', 'Tabacaria', 'Rua das Pedras, 123'),
(8, 'Loja de Conveniência BR', 'Loja de Conveniência', 'Rodovia do Sol, 500'),
(9, 'Shopping Curitiba', 'Shopping Center', 'Rua Brigadeiro Franco, 2300'),
(10, 'Super Muffato', 'Supermercado', 'Avenida Higienópolis, 1500'),
(11, 'Mercado Público', 'Mercado Público', 'Rua Jerônimo Coelho, 120'),
(12, 'Shopping Neumarkt', 'Shopping Center', 'Rua Sete de Setembro, 1213'),
(13, 'Padaria e Confeitaria', 'Padaria', 'Rua da Praia, 500'),
(14, 'Galeto Casa Blanca', 'Restaurante', 'Avenida Borges de Medeiros, 2000'),
(15, 'Supermercado GBarbosa', 'Supermercado', 'Avenida Tancredo Neves, 100'),
(16, 'Tabacaria Olinda', 'Tabacaria', 'Rua do Amparo, 45'),
(17, 'Mercado Central', 'Mercado Público', 'Avenida 13 de Maio, 1000'),
(18, 'Posto Petrobras', 'Posto de Gasolina', 'Avenida Santos Dumont, 500'),
(19, 'Tabacaria João Pessoa', 'Tabacaria', 'Avenida Epitácio Pessoa, 800'),
(20, 'Praia Shopping', 'Shopping Center', 'Avenida Engenheiro Roberto Freire, 300'),
(21, 'Supermercado Bompreço', 'Supermercado', 'Rua da Frente, 50'),
(22, 'Shopping Pátio Maceió', 'Shopping Center', 'Avenida Via Expressa, 1000'),
(23, 'Mercado São José', 'Mercado Público', 'Rua da União, 20'),
(24, 'Tabacaria São Luís', 'Tabacaria', 'Rua do Sol, 123'),
(25, 'Supermercado Carrefour', 'Supermercado', 'Avenida Goiás, 100'),
(26, 'Supermercado Comper', 'Supermercado', 'Avenida Fernando Corrêa da Costa, 500'),
(27, 'Hipermercado Extra', 'Hipermercado', 'Rua Barão de Melgaço, 200'),
(28, 'Shopping Brasília', 'Shopping Center', 'SCN Quadra 05, 100'),
(29, 'Supermercado Pão de Açúcar', 'Supermercado', 'Avenida Sete de Setembro, 200'),
(30, 'Supermercado GBarbosa', 'Supermercado', 'Rua Santa Rosa, 300'),
(31, 'Posto de Conveniência', 'Loja de Conveniência', 'Rodovia BR-101, Km 50'),
(32, 'Supermercado Mercadão', 'Supermercado', 'Avenida das Américas, 1500'),
(33, 'Tabacaria VIP', 'Tabacaria', 'Rua do Comércio, 10');
GO

-- Inserção de dados na tabela Compras (50 registros)
PRINT 'Inserindo dados na tabela Compras...';
GO
INSERT INTO Compras (id_usuario, id_estabelecimento, data_compra, valor_total, metodo_pagamento) VALUES
(1, 1, '2024-01-10 10:30:00', 5.00, 'Cartão de Débito'),
(2, 2, '2024-01-11 15:45:00', 150.00, 'Cartão de Crédito'),
(3, 3, '2024-01-12 09:00:00', 2.00, 'Dinheiro'),
(4, 4, '2024-01-13 18:20:00', 10.00, 'Pix'),
(5, 5, '2024-01-14 11:55:00', 8.00, 'Cartão de Débito'),
(6, 6, '2024-01-15 14:10:00', 20.00, 'Cartão de Crédito'),
(7, 7, '2024-01-16 19:30:00', 2.50, 'Dinheiro'),
(8, 8, '2024-01-17 12:40:00', 7.50, 'Pix'),
(9, 9, '2024-01-18 16:50:00', 12.00, 'Cartão de Débito'),
(10, 10, '2024-01-19 08:35:00', 3.00, 'Dinheiro'),
(11, 11, '2024-01-20 13:00:00', 180.00, 'Cartão de Crédito'),
(12, 12, '2024-01-21 17:15:00', 7.50, 'Pix'),
(13, 13, '2024-01-22 10:25:00', 2.00, 'Dinheiro'),
(14, 14, '2024-01-23 15:50:00', 5.00, 'Cartão de Débito'),
(15, 15, '2024-01-24 11:05:00', 2.00, 'Pix'),
(16, 16, '2024-01-25 14:20:00', 3.00, 'Dinheiro'),
(17, 17, '2024-01-26 19:40:00', 120.00, 'Cartão de Crédito'),
(18, 18, '2024-01-27 12:50:00', 15.00, 'Pix'),
(19, 19, '2024-01-28 16:00:00', 8.00, 'Cartão de Débito'),
(20, 20, '2024-01-29 08:45:00', 3000.00, 'Cartão de Crédito'),
(21, 21, '2024-01-30 13:10:00', 2.50, 'Dinheiro'),
(22, 22, '2024-01-31 17:30:00', 25.00, 'Pix'),
(23, 23, '2024-02-01 10:45:00', 4.00, 'Cartão de Débito'),
(24, 24, '2024-02-02 16:15:00', 7.50, 'Cartão de Crédito'),
(25, 25, '2024-02-03 11:30:00', 18.00, 'Pix'),
(26, 26, '2024-02-04 14:50:00', 2.00, 'Dinheiro'),
(27, 27, '2024-02-05 19:10:00', 5.00, 'Cartão de Débito'),
(28, 28, '2024-02-06 12:20:00', 2.50, 'Cartão de Crédito'),
(29, 29, '2024-02-07 16:30:00', 7.50, 'Pix'),
(30, 30, '2024-02-08 09:55:00', 2.00, 'Dinheiro'),
(31, 31, '2024-02-09 13:40:00', 8.00, 'Cartão de Débito'),
(32, 32, '2024-02-10 18:05:00', 10.00, 'Pix'),
(33, 33, '2024-02-11 11:15:00', 15.00, 'Cartão de Crédito'),
(34, 34, '2024-02-12 15:30:00', 3.00, 'Dinheiro'),
(35, 35, '2024-02-13 10:00:00', 5.00, 'Pix'),
(36, 1, '2024-02-14 14:25:00', 2.50, 'Cartão de Débito'),
(37, 2, '2024-02-15 18:40:00', 25.00, 'Cartão de Crédito'),
(38, 3, '2024-02-16 11:50:00', 7.50, 'Pix'),
(39, 4, '2024-02-17 16:05:00', 2.00, 'Dinheiro'),
(40, 5, '2024-02-18 10:35:00', 180.00, 'Cartão de Crédito'),
(1, 6, '2024-02-19 14:45:00', 3.00, 'Cartão de Débito'),
(2, 7, '2024-02-20 19:00:00', 2.50, 'Pix'),
(3, 8, '2024-02-21 12:15:00', 7.50, 'Dinheiro'),
(4, 9, '2024-02-22 16:30:00', 2.00, 'Cartão de Débito'),
(5, 10, '2024-02-23 09:40:00', 15.00, 'Cartão de Crédito'),
(6, 11, '2024-02-24 13:55:00', 8.00, 'Pix'),
(7, 12, '2024-02-25 18:10:00', 3500.00, 'Cartão de Crédito'),
(8, 13, '2024-02-26 11:20:00', 2.50, 'Dinheiro'),
(9, 14, '2024-02-27 15:35:00', 5.00, 'Cartão de Débito'),
(10, 15, '2024-02-28 10:00:00', 2.00, 'Pix');
GO

-- Inserção de dados na tabela Itens_Compra (50 registros)
PRINT 'Inserindo dados na tabela Itens_Compra...';
GO
INSERT INTO Itens_Compra (id_compra, id_isqueiro, quantidade, valor_unitario, desconto) VALUES
(1, 1, 2, 2.50, 0.00),
(2, 3, 1, 150.00, 0.00),
(3, 10, 1, 2.00, 0.00),
(4, 4, 2, 5.00, 0.00),
(5, 7, 1, 8.00, 0.00),
(6, 12, 1, 20.00, 0.00),
(7, 1, 1, 2.50, 0.00),
(8, 5, 1, 7.50, 0.00),
(9, 11, 6, 2.00, 0.00),
(10, 6, 1, 3.00, 0.00),
(11, 15, 1, 180.00, 0.00),
(12, 5, 1, 7.50, 0.00),
(13, 1, 1, 2.00, 0.00),
(14, 4, 1, 5.00, 0.00),
(15, 2, 1, 2.00, 0.00),
(16, 6, 1, 3.00, 0.00),
(17, 10, 1, 120.00, 0.00),
(18, 4, 3, 5.00, 0.00),
(19, 7, 1, 8.00, 0.00),
(20, 9, 1, 3000.00, 0.00),
(21, 1, 1, 2.50, 0.00),
(22, 13, 10, 2.50, 0.00),
(23, 16, 1, 3.00, 0.00),
(24, 17, 1, 7.50, 0.00),
(25, 18, 6, 3.00, 0.00),
(26, 19, 1, 8.00, 0.00),
(27, 2, 2, 2.50, 0.00),
(28, 20, 1, 270.00, 0.00),
(29, 21, 1, 3500.00, 0.00),
(30, 22, 1, 90.00, 0.00),
(31, 23, 4, 2.00, 0.00),
(32, 24, 1, 130.00, 0.00),
(33, 25, 1, 2.50, 0.00),
(34, 26, 1, 2.00, 0.00),
(35, 27, 1, 160.00, 0.00),
(36, 28, 1, 5.00, 0.00),
(37, 29, 1, 7.50, 0.00),
(38, 30, 1, 3.00, 0.00),
(39, 31, 1, 8.00, 0.00),
(40, 32, 1, 260.00, 0.00),
(41, 33, 1, 3100.00, 0.00),
(42, 34, 1, 85.00, 0.00),
(43, 35, 1, 2.00, 0.00),
(44, 36, 1, 125.00, 0.00),
(45, 37, 1, 2.50, 0.00),
(46, 38, 1, 2.00, 0.00),
(47, 39, 1, 170.00, 0.00),
(48, 40, 1, 5.00, 0.00),
(49, 41, 1, 7.50, 0.00),
(50, 42, 1, 3.00, 0.00);
GO

-- Inserção de dados na tabela Isqueiros_Usuario (50 registros)
PRINT 'Inserindo dados na tabela Isqueiros_Usuario...';
GO
INSERT INTO Isqueiros_Usuario (id_usuario, id_isqueiro, id_item_compra, data_aquisicao, status, identificador_unico, data_fim_uso) VALUES
(1, 1, 1, '2024-01-10', 'Ativo', 'Meu Bic Preto', NULL),
(1, 1, 1, '2024-01-10', 'Perdido', 'Bic Padrão 2', '2024-02-15'),
(2, 3, 2, '2024-01-11', 'Ativo', 'Meu Zippo', NULL),
(3, 10, 3, '2024-01-12', 'Ativo', 'Isqueiro da Banca', NULL),
(4, 4, 4, '2024-01-13', 'Ativo', 'Clipper Verde', NULL),
(4, 4, 4, '2024-01-13', 'Ativo', 'Clipper Reserva', NULL),
(5, 7, 5, '2024-01-14', 'Ativo', 'Isqueiro Amarelo', NULL),
(6, 12, 6, '2024-01-15', 'Perdido', 'Isqueiro de Viagem', '2024-03-20'),
(7, 1, 7, '2024-01-16', 'Ativo', 'Isqueiro do Lucas', NULL),
(8, 5, 8, '2024-01-17', 'Ativo', 'Transparente da Fer', NULL),
(9, 11, 9, '2024-01-18', 'Ativo', 'Isqueiro do Professor', NULL),
(9, 11, 9, '2024-01-18', 'Ativo', 'Isqueiro de Emergência', NULL),
(9, 11, 9, '2024-01-18', 'Ativo', 'Isqueiro 3', NULL),
(9, 11, 9, '2024-01-18', 'Ativo', 'Isqueiro 4', NULL),
(9, 11, 9, '2024-01-18', 'Ativo', 'Isqueiro 5', NULL),
(9, 11, 9, '2024-01-18', 'Ativo', 'Isqueiro 6', NULL),
(10, 6, 10, '2024-01-19', 'Ativo', 'Isqueiro da Paty', NULL),
(11, 15, 11, '2024-01-20', 'Ativo', 'Zippo Dourado', NULL),
(12, 5, 12, '2024-01-21', 'Perdido', 'Isqueiro da Amanda', '2024-02-05'),
(13, 1, 13, '2024-01-22', 'Ativo', 'Bic Azul Escuro', NULL),
(14, 4, 14, '2024-01-23', 'Ativo', 'Isqueiro Rosa', NULL),
(15, 2, 15, '2024-01-24', 'Ativo', 'Bic Verde', NULL),
(16, 6, 16, '2024-01-25', 'Ativo', 'Isqueiro Roxo', NULL),
(17, 10, 17, '2024-01-26', 'Ativo', 'Windmill do Vô', NULL),
(18, 4, 18, '2024-01-27', 'Ativo', 'Clipper da Letícia 1', NULL),
(18, 4, 18, '2024-01-27', 'Ativo', 'Clipper da Letícia 2', NULL),
(18, 4, 18, '2024-01-27', 'Ativo', 'Clipper da Letícia 3', NULL),
(19, 7, 19, '2024-01-28', 'Ativo', 'Isqueiro do Gabriel', NULL),
(20, 9, 20, '2024-01-29', 'Ativo', 'S.T. Dupont', NULL),
(21, 1, 21, '2024-01-30', 'Ativo', 'Isqueiro do André', NULL),
(22, 13, 22, '2024-01-31', 'Ativo', 'Isqueiro Transparente', NULL),
(22, 13, 22, '2024-01-31', 'Ativo', 'Isqueiro Transp. 2', NULL),
(22, 13, 22, '2024-01-31', 'Ativo', 'Isqueiro Transp. 3', NULL),
(22, 13, 22, '2024-01-31', 'Ativo', 'Isqueiro Transp. 4', NULL),
(22, 13, 22, '2024-01-31', 'Ativo', 'Isqueiro Transp. 5', NULL),
(22, 13, 22, '2024-01-31', 'Ativo', 'Isqueiro Transp. 6', NULL),
(22, 13, 22, '2024-01-31', 'Ativo', 'Isqueiro Transp. 7', NULL),
(22, 13, 22, '2024-01-31', 'Ativo', 'Isqueiro Transp. 8', NULL),
(22, 13, 22, '2024-01-31', 'Ativo', 'Isqueiro Transp. 9', NULL),
(22, 13, 22, '2024-01-31', 'Ativo', 'Isqueiro Transp. 10', NULL),
(23, 16, 23, '2024-02-01', 'Ativo', 'Cricket Roxo', NULL),
(24, 17, 24, '2024-02-02', 'Ativo', 'Clipper Recarregável', NULL),
(25, 18, 25, '2024-02-03', 'Ativo', 'Isqueiro Laranja', NULL),
(26, 19, 26, '2024-02-04', 'Ativo', 'Isqueiro Branco', NULL),
(27, 2, 27, '2024-02-05', 'Ativo', 'Bic Mini Preto', NULL),
(28, 20, 28, '2024-02-06', 'Ativo', 'Colibri da Helena', NULL),
(29, 21, 29, '2024-02-07', 'Ativo', 'Dupont do Edu', NULL),
(30, 22, 30, '2024-02-08', 'Ativo', 'Ronson da Alice', NULL),
(31, 23, 31, '2024-02-09', 'Ativo', 'Isqueiro do Bruno', NULL),
(32, 24, 32, '2024-02-10', 'Ativo', 'Isqueiro da Carla', NULL),
(33, 25, 33, '2024-02-11', 'Ativo', 'Isqueiro do Diego', NULL);
GO

-- Inserção de dados na tabela Locais (35 registros)
PRINT 'Inserindo dados na tabela Locais...';
GO
INSERT INTO Locais (id_cidade, nome_local, tipo_local, latitude, longitude) VALUES
(1, 'Casa do João', 'Residência', -23.5510, -46.6340),
(2, 'Escritório', 'Trabalho', -22.9060, -47.0610),
(3, 'Praia de Ipanema', 'Área Externa', -22.9850, -43.2080),
(4, 'Bar da Esquina', 'Comercial', -22.8995, -43.1105),
(5, 'Parque Municipal', 'Área Externa', -19.9200, -43.9350),
(6, 'Faculdade', 'Acadêmico', -18.9190, -48.2780),
(7, 'Shopping Vitória', 'Comercial', -20.2800, -40.3400),
(8, 'Casa de Amigo', 'Residência', -25.4290, -49.2740),
(9, 'Lago Igapó', 'Área Externa', -23.3050, -51.1700),
(10, 'Praia Mole', 'Área Externa', -27.6100, -48.4400),
(11, 'Casa dos Pais', 'Residência', -26.9190, -49.0660),
(12, 'Parque da Redenção', 'Área Externa', -30.0350, -51.2180),
(13, 'Centro Histórico', 'Turístico', -29.3750, -50.8770),
(14, 'Bar do Porto', 'Comercial', -12.9720, -38.5020),
(15, 'Cabana na Praia', 'Residência', -16.4430, -39.0650),
(16, 'Escola', 'Acadêmico', -8.0480, -34.8770),
(17, 'Mirante de Olinda', 'Turístico', -8.0170, -34.8720),
(18, 'Praia do Futuro', 'Área Externa', -3.7320, -38.5270),
(19, 'Hotel', 'Comercial', -2.7850, -40.5130),
(20, 'Praça da Matriz', 'Área Externa', -7.1200, -34.8460),
(21, 'Restaurante', 'Comercial', -5.7950, -35.2120),
(22, 'Shopping Center', 'Comercial', -10.9475, -37.0735),
(23, 'Casa de Veraneio', 'Residência', -9.6660, -35.7360),
(24, 'Universidade', 'Acadêmico', -5.0920, -42.8110),
(25, 'Shopping', 'Comercial', -2.5310, -44.3070),
(26, 'Clube', 'Esportivo', -16.6790, -49.2570),
(27, 'Lago do Paranoá', 'Área Externa', -15.7945, -47.8825),
(28, 'Shopping do Distrito', 'Comercial', -15.7940, -47.8820),
(29, 'Casa da Vó', 'Residência', -8.7620, -63.9040),
(30, 'Floresta', 'Área Externa', -9.9750, -67.8110),
(31, 'Mercado', 'Comercial', -3.1195, -60.0220),
(32, 'Casa do Amigo do Lado', 'Residência', 2.8200, -60.6710),
(33, 'Bosque', 'Área Externa', -1.4560, -48.5040),
(34, 'Parque', 'Área Externa', 0.0390, -51.0670),
(35, 'Praça Central', 'Área Externa', -10.2130, -48.3400);
GO

-- Inserção de dados na tabela Utilizacao (50 registros)
PRINT 'Inserindo dados na tabela Utilizacao...';
GO
INSERT INTO Utilizacao (id_isqueiro_usuario, id_local, data_uso, contexto_uso, duracao_uso, condicao_uso) VALUES
(1, 1, '2024-02-01 10:00:00', 'Acender cigarro', 5, 'Seco'),
(3, 3, '2024-02-02 15:30:00', 'Acender charuto', 20, 'Ventoso'),
(4, 4, '2024-02-03 20:00:00', 'Acender vela', 10, 'Normal'),
(5, 5, '2024-02-04 11:45:00', 'Acender cigarro', 6, 'Seco'),
(6, 6, '2024-02-05 09:30:00', 'Acender incenso', 3, 'Normal'),
(7, 7, '2024-02-06 14:00:00', 'Acender fogueira', 30, 'Ventoso'),
(8, 8, '2024-02-07 18:20:00', 'Acender churrasqueira', 15, 'Seco'),
(9, 9, '2024-02-08 11:00:00', 'Acender cigarro', 5, 'Normal'),
(10, 10, '2024-02-09 16:15:00', 'Acender vela de bolo', 8, 'Normal'),
(11, 11, '2024-02-10 19:30:00', 'Acender charuto', 25, 'Seco'),
(12, 12, '2024-02-11 12:40:00', 'Acender fogueira', 40, 'Ventoso'),
(13, 13, '2024-02-12 17:50:00', 'Acender cigarro', 4, 'Chuvoso'),
(14, 14, '2024-02-13 10:20:00', 'Acender incenso', 7, 'Normal'),
(15, 15, '2024-02-14 15:00:00', 'Acender vela', 12, 'Ventoso'),
(16, 16, '2024-02-15 09:15:00', 'Acender cigarro', 5, 'Seco'),
(17, 17, '2024-02-16 13:45:00', 'Acender fogueira', 35, 'Normal'),
(18, 18, '2024-02-17 18:00:00', 'Acender churrasqueira', 18, 'Seco'),
(19, 19, '2024-02-18 11:30:00', 'Acender cigarro', 6, 'Normal'),
(20, 20, '2024-02-19 16:40:00', 'Acender charuto', 22, 'Chuvoso'),
(21, 21, '2024-02-20 20:10:00', 'Acender vela', 9, 'Normal'),
(22, 22, '2024-02-21 12:00:00', 'Acender cigarro', 5, 'Seco'),
(23, 23, '2024-02-22 15:25:00', 'Acender incenso', 4, 'Normal'),
(24, 24, '2024-02-23 18:50:00', 'Acender fogueira', 28, 'Ventoso'),
(25, 25, '2024-02-24 10:15:00', 'Acender cigarro', 5, 'Seco'),
(26, 26, '2024-02-25 14:30:00', 'Acender vela de bolo', 10, 'Normal'),
(27, 27, '2024-02-26 19:00:00', 'Acender charuto', 20, 'Seco'),
(28, 28, '2024-02-27 11:20:00', 'Acender cigarro', 6, 'Normal'),
(29, 29, '2024-02-28 15:45:00', 'Acender incenso', 3, 'Normal'),
(30, 30, '2024-02-29 10:00:00', 'Acender cigarro', 5, 'Seco'),
(31, 31, '2024-03-01 14:10:00', 'Acender churrasqueira', 17, 'Ventoso'),
(32, 32, '2024-03-02 18:30:00', 'Acender vela', 8, 'Normal'),
(33, 33, '2024-03-03 11:50:00', 'Acender cigarro', 5, 'Seco'),
(34, 34, '2024-03-04 16:00:00', 'Acender incenso', 4, 'Normal'),
(35, 35, '2024-03-05 19:25:00', 'Acender charuto', 25, 'Seco'),
(1, 1, '2024-03-06 10:40:00', 'Acender cigarro', 5, 'Normal'),
(3, 3, '2024-03-07 15:15:00', 'Acender fogueira', 30, 'Ventoso'),
(4, 4, '2024-03-08 20:30:00', 'Acender vela', 11, 'Chuvoso'),
(5, 5, '2024-03-09 11:00:00', 'Acender cigarro', 6, 'Seco'),
(6, 6, '2024-03-10 09:45:00', 'Acender incenso', 5, 'Normal'),
(7, 7, '2024-03-11 14:20:00', 'Acender fogueira', 35, 'Ventoso'),
(8, 8, '2024-03-12 18:50:00', 'Acender churrasqueira', 19, 'Seco'),
(9, 9, '2024-03-13 11:10:00', 'Acender cigarro', 5, 'Normal'),
(10, 10, '2024-03-14 16:25:00', 'Acender vela de bolo', 9, 'Normal'),
(11, 11, '2024-03-15 19:40:00', 'Acender charuto', 27, 'Seco'),
(12, 12, '2024-03-16 12:55:00', 'Acender fogueira', 42, 'Ventoso'),
(13, 13, '2024-03-17 18:05:00', 'Acender cigarro', 4, 'Chuvoso'),
(14, 14, '2024-03-18 10:30:00', 'Acender incenso', 6, 'Normal'),
(15, 15, '2024-03-19 15:10:00', 'Acender vela', 13, 'Ventoso'),
(16, 16, '2024-03-20 09:20:00', 'Acender cigarro', 5, 'Seco');
GO

-- Inserção de dados na tabela Historico_Localizacao (50 registros)
PRINT 'Inserindo dados na tabela Historico_Localizacao...';
GO
INSERT INTO Historico_Localizacao (id_isqueiro_usuario, id_local, data_localizacao, tipo_evento, detalhes, status_confirmado) VALUES
(1, 1, '2024-02-01 09:50:00', 'Guardado', 'Deixado na mesa da sala', 1),
(2, 3, '2024-02-02 15:00:00', 'Guardado', 'Deixado na bolsa', 1),
(3, 4, '2024-02-03 19:45:00', 'Guardado', 'No bolso da jaqueta', 1),
(4, 5, '2024-02-04 11:30:00', 'Guardado', 'No carro', 1),
(5, 6, '2024-02-05 09:20:00', 'Guardado', 'Gaveta do escritório', 1),
(6, 7, '2024-02-06 13:50:00', 'Perdido', 'Esqueci na lanchonete', 1),
(7, 8, '2024-02-07 18:10:00', 'Guardado', 'No bolso da calça', 1),
(8, 9, '2024-02-08 10:50:00', 'Guardado', 'Deixado na mesa', 1),
(9, 10, '2024-02-09 16:00:00', 'Guardado', 'No armário', 1),
(10, 11, '2024-02-10 19:20:00', 'Guardado', 'Na gaveta da cozinha', 1),
(11, 12, '2024-02-11 12:30:00', 'Guardado', 'No carro', 1),
(12, 13, '2024-02-12 17:40:00', 'Perdido', 'Caiu no mar', 1),
(13, 14, '2024-02-13 10:10:00', 'Guardado', 'Na mesa de cabeceira', 1),
(14, 15, '2024-02-14 14:50:00', 'Guardado', 'No bolso do casaco', 1),
(15, 16, '2024-02-15 09:05:00', 'Guardado', 'Na mochila', 1),
(16, 17, '2024-02-16 13:35:00', 'Guardado', 'No bolso da camisa', 1),
(17, 18, '2024-02-17 17:50:00', 'Guardado', 'Na gaveta da sala', 1),
(18, 19, '2024-02-18 11:20:00', 'Guardado', 'Na carteira', 1),
(19, 20, '2024-02-19 16:30:00', 'Guardado', 'Na gaveta do escritório', 1),
(20, 21, '2024-02-20 20:00:00', 'Guardado', 'Na bolsa', 1),
(21, 22, '2024-02-21 11:50:00', 'Guardado', 'Na mochila', 1),
(22, 23, '2024-02-22 15:15:00', 'Guardado', 'No bolso da jaqueta', 1),
(23, 24, '2024-02-23 18:40:00', 'Guardado', 'No carro', 1),
(24, 25, '2024-02-24 10:05:00', 'Guardado', 'Gaveta do escritório', 1),
(25, 26, '2024-02-25 14:20:00', 'Guardado', 'Na mesa de cabeceira', 1),
(26, 27, '2024-02-26 18:50:00', 'Guardado', 'No bolso da calça', 1),
(27, 28, '2024-02-27 11:10:00', 'Guardado', 'No armário', 1),
(28, 29, '2024-02-28 15:35:00', 'Guardado', 'Na gaveta da cozinha', 1),
(29, 30, '2024-02-29 09:50:00', 'Guardado', 'No carro', 1),
(30, 31, '2024-03-01 14:00:00', 'Guardado', 'Na gaveta do quarto', 1),
(31, 32, '2024-03-02 18:20:00', 'Guardado', 'No armário do banheiro', 1),
(32, 33, '2024-03-03 11:40:00', 'Guardado', 'Na estante da sala', 1),
(33, 34, '2024-03-04 15:50:00', 'Guardado', 'Na caixa de ferramentas', 1),
(34, 35, '2024-03-05 19:15:00', 'Guardado', 'Na bolsa de viagem', 1),
(35, 1, '2024-03-06 10:30:00', 'Guardado', 'No bolso do casaco', 1),
(1, 2, '2024-03-07 15:05:00', 'Guardado', 'Na gaveta da cozinha', 1),
(2, 3, '2024-03-08 20:20:00', 'Guardado', 'Na mesa de cabeceira', 1),
(3, 4, '2024-03-09 10:50:00', 'Guardado', 'No carro', 1),
(4, 5, '2024-03-10 09:35:00', 'Guardado', 'Na mochila', 1),
(5, 6, '2024-03-11 14:10:00', 'Guardado', 'No bolso da calça', 1),
(6, 7, '2024-03-12 18:40:00', 'Guardado', 'Na gaveta da cozinha', 1),
(7, 8, '2024-03-13 11:00:00', 'Guardado', 'Na estante da sala', 1),
(8, 9, '2024-03-14 16:15:00', 'Guardado', 'Na caixa de ferramentas', 1),
(9, 10, '2024-03-15 19:30:00', 'Guardado', 'Na bolsa de viagem', 1),
(10, 11, '2024-03-16 12:45:00', 'Guardado', 'No bolso do casaco', 1),
(11, 12, '2024-03-17 17:55:00', 'Guardado', 'Na gaveta da cozinha', 1),
(12, 13, '2024-03-18 10:20:00', 'Guardado', 'Na mesa de cabeceira', 1),
(13, 14, '2024-03-19 15:00:00', 'Guardado', 'No carro', 1),
(14, 15, '2024-03-20 09:10:00', 'Guardado', 'Na mochila', 1),
(15, 16, '2024-03-21 13:50:00', 'Guardado', 'No bolso da calça', 1);
GO

-- Inserção de dados na tabela Manutencao (50 registros)
PRINT 'Inserindo dados na tabela Manutencao...';
GO
INSERT INTO Manutencao (id_isqueiro_usuario, data_manutencao, tipo_manutencao, custo, local_manutencao) VALUES
(1, '2024-02-10', 'Recarga de gás', 3.00, 'Casa'),
(2, '2024-02-12', 'Troca de fluido', 15.00, 'Tabacaria Central'),
(3, '2024-02-15', 'Limpeza de bico', 0.00, 'Casa'),
(4, '2024-02-18', 'Recarga de gás', 5.00, 'Posto Shell'),
(5, '2024-02-20', 'Troca de pedra', 2.00, 'Casa'),
(6, '2024-02-25', 'Recarga de gás', 4.00, 'Supermercado Extra'),
(7, '2024-02-28', 'Limpeza', 0.00, 'Casa'),
(8, '2024-03-01', 'Troca de fluido', 12.00, 'Tabacaria Ouro Preto'),
(9, '2024-03-05', 'Recarga de gás', 3.50, 'Casa'),
(10, '2024-03-08', 'Troca de pavio', 5.00, 'Casa'),
(11, '2024-03-10', 'Troca de fluido', 15.00, 'Tabacaria Central'),
(12, '2024-03-12', 'Recarga de gás', 4.00, 'Posto Shell'),
(13, '2024-03-15', 'Limpeza', 0.00, 'Casa'),
(14, '2024-03-18', 'Recarga de gás', 5.00, 'Supermercado Extra'),
(15, '2024-03-20', 'Troca de pedra', 2.00, 'Casa'),
(16, '2024-03-25', 'Recarga de gás', 4.00, 'Supermercado Extra'),
(17, '2024-03-28', 'Limpeza', 0.00, 'Casa'),
(18, '2024-04-01', 'Troca de fluido', 12.00, 'Tabacaria Ouro Preto'),
(19, '2024-04-05', 'Recarga de gás', 3.50, 'Casa'),
(20, '2024-04-08', 'Troca de pavio', 5.00, 'Casa'),
(21, '2024-04-10', 'Recarga de gás', 3.00, 'Casa'),
(22, '2024-04-12', 'Troca de fluido', 15.00, 'Tabacaria Central'),
(23, '2024-04-15', 'Limpeza de bico', 0.00, 'Casa'),
(24, '2024-04-18', 'Recarga de gás', 5.00, 'Posto Shell'),
(25, '2024-04-20', 'Troca de pedra', 2.00, 'Casa'),
(26, '2024-04-25', 'Recarga de gás', 4.00, 'Supermercado Extra'),
(27, '2024-04-28', 'Limpeza', 0.00, 'Casa'),
(28, '2024-05-01', 'Troca de fluido', 12.00, 'Tabacaria Ouro Preto'),
(29, '2024-05-05', 'Recarga de gás', 3.50, 'Casa'),
(30, '2024-05-08', 'Troca de pavio', 5.00, 'Casa'),
(31, '2024-05-10', 'Recarga de gás', 3.00, 'Casa'),
(32, '2024-05-12', 'Troca de fluido', 15.00, 'Tabacaria Central'),
(33, '2024-05-15', 'Limpeza de bico', 0.00, 'Casa'),
(1, '2024-05-18', 'Recarga de gás', 5.00, 'Posto Shell'),
(2, '2024-05-20', 'Troca de pedra', 2.00, 'Casa'),
(3, '2024-05-25', 'Recarga de gás', 4.00, 'Supermercado Extra'),
(4, '2024-05-28', 'Limpeza', 0.00, 'Casa'),
(5, '2024-06-01', 'Troca de fluido', 12.00, 'Tabacaria Ouro Preto'),
(6, '2024-06-05', 'Recarga de gás', 3.50, 'Casa'),
(7, '2024-06-08', 'Troca de pavio', 5.00, 'Casa'),
(8, '2024-06-10', 'Recarga de gás', 3.00, 'Casa'),
(9, '2024-06-12', 'Troca de fluido', 15.00, 'Tabacaria Central'),
(10, '2024-06-15', 'Limpeza de bico', 0.00, 'Casa'),
(11, '2024-06-18', 'Recarga de gás', 5.00, 'Posto Shell'),
(12, '2024-06-20', 'Troca de pedra', 2.00, 'Casa'),
(13, '2024-06-25', 'Recarga de gás', 4.00, 'Supermercado Extra'),
(14, '2024-06-28', 'Limpeza', 0.00, 'Casa'),
(15, '2024-07-01', 'Troca de fluido', 12.00, 'Tabacaria Ouro Preto'),
(16, '2024-07-05', 'Recarga de gás', 3.50, 'Casa'),
(17, '2024-07-08', 'Troca de pavio', 5.00, 'Casa');
GO