id_isqueiro_usuario,idade,profissao,material,tipo_combustivel,total_usos,media_tempo_uso,tipo_local,latitude,longitude,perdeu
1,20,Vendedor,Metal,Butano,18,0.12577548211419753,Residência,-18.145402,-66.605822,0.0
2,39,Engenheiro,Plástico,Gás,27,0.11861644771604939,Público,-9.966612,-59.729867,0.0
3,31,Engenheiro,Metal,Butano,28,0.13624016893849206,Público,-24.960379,-53.197279,0.0
4,33,,Plástico,Gás,28,0.14009657310515874,Público,-32.113504,-36.044579,1.0
5,28,Designer,Plástico,Gás,20,0.14377550848611112,Público,-32.113504,-36.044579,0.0
6,48,Motorista,Plástico,Butano,16,0.13424061668402779,Público,-31.433717,-66.160686,0.0
7,39,Professor,Plástico,Gás,20,0.12360475595833331,Público,-5.882046,-42.994687,0.0
8,42,Designer,Plástico,Gás,20,0.1351045852361111,Residência,-30.460891,-54.192924,0.0
9,44,Artista,Plástico,Gás,20,0.136331928875,Público,-16.381199,-67.179035,0.0
10,45,Vendedor,Alumínio,Gás,19,0.13438837893274858,Residência,-18.145402,-66.605822,0.0
11,20,Motorista,Plástico,Gás,18,0.1295438525925926,Público,-5.882046,-42.994687,1.0
12,31,Artista,Plástico,Gás,18,0.11917849365740743,Público,-14.157242,-56.3939,0.0
13,34,Motorista,Alumínio,Gás,20,0.13246990059722225,Residência,-29.913197,-41.912121,1.0
14,45,Estudante,Plástico,Gás,13,0.12062981967948717,Público,-31.838031,-34.524523,0.0
15,42,Estudante,Alumínio,Gás,17,0.13386816937908494,Residência,-26.495381,-47.499109,1.0
16,28,Motorista,Metal,Butano,21,0.13707399736772488,Residência,-18.145402,-66.605822,1.0
17,41,Vendedor,Plástico,Butano,25,0.12404128792222222,Público,-5.882046,-42.994687,0.0
18,42,Designer,Plástico,Gás,7,0.12238538178571427,Residência,-6.754531,-38.206906,1.0
19,27,Motorista,Alumínio,Gás,22,0.12767625814393935,Residência,-26.495381,-47.499109,0.0
20,28,Estudante,Metal,Butano,10,0.13023916919444445,Residência,-29.913197,-41.912121,0.0
21,56,Vendedor,Plástico,Fluido,23,0.13362052062801932,Público,-24.960379,-53.197279,1.0
22,28,Designer,Metal,Butano,15,0.1378542794814815,Público,-32.113504,-36.044579,1.0
23,42,Designer,Plástico,Gás,17,0.1430828149183007,Residência,-18.145402,-66.605822,0.0
24,56,Vendedor,Plástico,Gás,23,0.13303769864734297,Residência,-30.460891,-54.192924,0.0
25,23,Artista,Alumínio,Gás,18,0.1285690335185185,Residência,-18.145402,-66.605822,0.0
26,29,Estudante,Plástico,Gás,16,0.12202290755208334,Público,-14.157242,-56.3939,0.0
27,39,Professor,Metal,Gás,14,0.11764212402777777,Residência,-25.852899,-52.292157,1.0
28,60,Designer,Plástico,Fluido,26,0.13383269701923076,Residência,-30.460891,-54.192924,0.0
29,60,Motorista,Plástico,Fluido,22,0.13404951109848484,Público,-14.157242,-56.3939,0.0
30,42,Designer,Plástico,Fluido,22,0.12760233117424244,Público,-32.113504,-36.044579,0.0
31,37,,Alumínio,Gás,26,0.13269140150641026,Residência,-32.688409,-60.986787,0.0
32,49,Engenheiro,Plástico,Gás,21,0.13310346600529105,Comércio,-25.166201,-70.093115,0.0
33,25,Professor,Plástico,Gás,21,0.12600484244708993,Residência,-5.996671,-41.664106,0.0
34,30,Médico,Plástico,Gás,23,0.12689449039855072,Público,-32.113504,-36.044579,0.0
35,31,Artista,Metal,Butano,30,0.12286387995370372,Público,-16.381199,-67.179035,0.0
36,35,,Metal,Butano,21,0.13873493068783066,Público,-14.157242,-56.3939,0.0
37,26,Vendedor,Plástico,Fluido,12,0.12619862539351853,Público,-9.966612,-59.729867,0.0
38,24,,Plástico,Fluido,14,0.1318001035515873,Público,-31.838031,-34.524523,0.0
39,56,Designer,Plástico,Gás,21,0.12901045136243386,Público,-31.838031,-34.524523,0.0
40,45,Estudante,Plástico,Fluido,20,0.13926360376388888,Residência,-32.688409,-60.986787,0.0
41,57,Motorista,Plástico,Gás,21,0.12380433054232805,Público,-31.838031,-34.524523,0.0
42,30,Designer,Alumínio,Gás,15,0.1324519147222222,Público,-24.960379,-53.197279,0.0
43,33,Designer,Plástico,Gás,23,0.13815243118357487,Público,-16.660901,-37.125031,0.0
44,40,Professor,Plástico,Butano,24,0.13410254296296298,Público,-5.882046,-42.994687,0.0
45,54,,Plástico,Butano,17,0.13417297183006532,Residência,-26.495381,-47.499109,0.0
46,20,Motorista,Alumínio,Gás,22,0.13693144035353536,Residência,-26.495381,-47.499109,0.0
47,56,Designer,Plástico,Gás,14,0.12254418660714284,Residência,-30.460891,-54.192924,1.0
48,35,Artista,Plástico,Fluido,15,0.1431708948333333,Residência,-30.460891,-54.192924,0.0
49,51,Vendedor,Metal,Butano,25,0.13376345506666668,Público,-16.660901,-37.125031,0.0
50,31,Artista,Metal,Butano,23,0.13761409949275366,Público,-16.660901,-37.125031,0.0
51,32,,Alumínio,Gás,21,0.14093925030423277,Público,-9.966612,-59.729867,0.0
52,44,Motorista,Metal,Butano,18,0.14223252467592593,Público,-31.838031,-34.524523,0.0
53,42,Designer,Plástico,Fluido,15,0.1302950232037037,Comércio,-25.166201,-70.093115,0.0
54,35,Estudante,Metal,Butano,29,0.13779864781609194,Residência,-26.495381,-47.499109,0.0
55,42,Professor,Metal,Gás,12,0.13941509886574074,Residência,-5.996671,-41.664106,0.0
56,28,Designer,Alumínio,Gás,20,0.13654135066666667,Público,-14.157242,-56.3939,0.0
57,35,Engenheiro,Plástico,Fluido,24,0.14050516329861112,Público,-31.838031,-34.524523,0.0
58,44,Motorista,Plástico,Gás,24,0.13514022456018518,Residência,-30.460891,-54.192924,0.0
59,29,Professor,Plástico,Fluido,20,0.13304190880555555,Residência,-32.688409,-60.986787,0.0
60,33,Motorista,Plástico,Fluido,14,0.12789667226190476,Comércio,-25.166201,-70.093115,1.0
61,31,Motorista,Plástico,Fluido,23,0.1303777380193237,Público,-9.966612,-59.729867,0.0
62,48,Vendedor,Plástico,Gás,20,0.12159878106944444,Público,-5.882046,-42.994687,0.0
63,48,Vendedor,Metal,Gás,19,0.14803538527777776,Residência,-25.852899,-52.292157,1.0
64,37,,Plástico,Gás,13,0.12492394993589745,Público,-31.433717,-66.160686,1.0
65,45,Estudante,Plástico,Butano,22,0.13123160498737374,Público,-31.433717,-66.160686,0.0
66,33,Designer,Plástico,Gás,21,0.1281893514021164,Público,-31.433717,-66.160686,0.0
67,41,Vendedor,Plástico,Gás,24,0.13325560354166668,Público,-31.433717,-66.160686,1.0
68,60,Motorista,Plástico,Fluido,17,0.13266806869281045,Residência,-32.688409,-60.986787,0.0
69,33,Designer,Plástico,Butano,20,0.1255826166111111,Residência,-18.145402,-66.605822,0.0
70,27,Motorista,Alumínio,Gás,18,0.12858881885802473,Público,-5.882046,-42.994687,0.0
71,24,,Plástico,Gás,13,0.11641162538461537,Público,-24.960379,-53.197279,0.0
72,56,Professor,Plástico,Gás,25,0.1279878168111111,Público,-16.381199,-67.179035,0.0
73,56,Designer,Metal,Butano,18,0.13319956574074074,Público,-16.660901,-37.125031,0.0
74,44,Motorista,Plástico,Gás,20,0.12657177549999998,Residência,-32.688409,-60.986787,0.0
75,39,Estudante,Metal,Gás,12,0.13986652893518517,Público,-31.433717,-66.160686,0.0
76,30,Estudante,Alumínio,Gás,25,0.1324842674111111,Público,-16.660901,-37.125031,0.0
77,28,Designer,Plástico,Gás,24,0.13939468369212962,Residência,-30.460891,-54.192924,0.0
78,19,Médico,Plástico,Gás,18,0.11343308695987656,Comércio,-25.166201,-70.093115,0.0
79,57,Motorista,Plástico,Gás,18,0.13883081955246912,Público,-16.660901,-37.125031,0.0
80,60,Motorista,Alumínio,Gás,19,0.13423002824561403,Comércio,-25.166201,-70.093115,0.0
81,45,Estudante,Plástico,Butano,17,0.1309166956372549,Residência,-29.913197,-41.912121,0.0
82,33,,Alumínio,Gás,13,0.13140066987179486,Residência,-5.996671,-41.664106,0.0
83,30,Designer,Alumínio,Gás,17,0.14078859014705883,Público,-14.157242,-56.3939,0.0
84,27,Artista,Plástico,Gás,26,0.14168295770299144,Residência,-29.913197,-41.912121,0.0
85,48,Professor,Metal,Butano,24,0.14137672126157408,Público,-24.960379,-53.197279,0.0
86,58,Vendedor,Metal,Butano,11,0.1251205695959596,Residência,-25.852899,-52.292157,0.0
87,56,Vendedor,Metal,Butano,19,0.13380465407894737,Público,-31.433717,-66.160686,0.0
88,35,Engenheiro,Metal,Gás,22,0.13654161867424242,Residência,-30.460891,-54.192924,0.0
89,36,,Plástico,Gás,26,0.13757464224358973,Público,-9.966612,-59.729867,0.0
90,44,Motorista,Plástico,Butano,26,0.1332123738034188,Público,-14.157242,-56.3939,0.0
91,29,Professor,Metal,Gás,10,0.13876950991666667,Público,-24.960379,-53.197279,0.0
92,32,Estudante,Metal,Butano,20,0.13099872513888888,Residência,-18.145402,-66.605822,0.0
93,52,Médico,Metal,Butano,17,0.1293784914869281,Residência,-29.913197,-41.912121,1.0
94,39,Engenheiro,Metal,Butano,22,0.13351921636363637,Residência,-5.996671,-41.664106,0.0
95,33,,Plástico,Gás,16,0.13792130791666665,Público,-9.966612,-59.729867,0.0
96,29,Artista,Plástico,Fluido,26,0.1334623798076923,Residência,-25.852899,-52.292157,0.0
97,34,Estudante,Plástico,Gás,17,0.13743919374183003,Público,-16.381199,-67.179035,1.0
98,45,Vendedor,Alumínio,Gás,19,0.13961309260233917,Residência,-5.996671,-41.664106,0.0
99,39,Engenheiro,Plástico,Fluido,16,0.1274291101736111,Comércio,-25.166201,-70.093115,0.0
100,27,Vendedor,Metal,Butano,22,0.12386556785353534,Residência,-5.996671,-41.664106,0.0
101,35,Estudante,Plástico,Fluido,21,0.13544593822751322,Residência,-6.754531,-38.206906,0.0
102,56,Designer,Metal,Butano,22,0.13335083797979796,Comércio,-25.166201,-70.093115,0.0
103,40,Professor,Plástico,Fluido,19,0.13833690339181284,Comércio,-25.166201,-70.093115,0.0
104,19,Médico,Plástico,Fluido,20,0.12806411119444444,Público,-24.960379,-53.197279,1.0
105,35,Engenheiro,Plástico,Fluido,25,0.12885622887777778,Residência,-5.996671,-41.664106,1.0
106,60,Motorista,Plástico,Gás,19,0.14196846855263154,Público,-14.157242,-56.3939,1.0
107,19,Médico,Plástico,Gás,11,0.1298130151010101,Residência,-32.688409,-60.986787,0.0
108,42,Designer,Metal,Butano,22,0.13735541381313132,Residência,-5.996671,-41.664106,0.0
109,56,Vendedor,Metal,Butano,12,0.13496281307870373,Público,-5.882046,-42.994687,0.0
110,29,Artista,Plástico,Fluido,19,0.13692049001461987,Residência,-32.688409,-60.986787,0.0
111,56,Professor,Plástico,Fluido,20,0.13445524909722223,Residência,-5.996671,-41.664106,0.0
112,33,Motorista,Metal,Butano,27,0.1289011809053498,Residência,-5.996671,-41.664106,1.0
113,29,Artista,Plástico,Gás,24,0.12733408621527778,Residência,-29.913197,-41.912121,0.0
114,20,Motorista,Plástico,Gás,20,0.13527075756944446,Público,-16.660901,-37.125031,0.0
115,35,,Plástico,Gás,31,0.12701252621863798,Residência,-33.002733,-37.627184,0.0
116,58,Estudante,Plástico,Gás,20,0.139891482375,Residência,-5.996671,-41.664106,0.0
117,30,Estudante,Plástico,Fluido,16,0.1273459999652778,Residência,-30.460891,-54.192924,0.0
118,45,Estudante,Metal,Butano,22,0.1211189505429293,Público,-22.728359,-63.146039,0.0
119,32,Artista,Metal,Butano,26,0.13903395591880344,Residência,-26.495381,-47.499109,1.0
120,35,Estudante,Plástico,Gás,15,0.12215054112962961,Residência,-6.754531,-38.206906,0.0
121,28,Designer,Metal,Butano,18,0.1330500612962963,Residência,-18.145402,-66.605822,0.0
122,31,,Plástico,Fluido,13,0.12551098655982906,Público,-5.882046,-42.994687,1.0
123,47,Engenheiro,Metal,Butano,17,0.1417000959150327,Público,-16.660901,-37.125031,0.0
124,33,Designer,Alumínio,Gás,11,0.13258289378787877,Residência,-26.495381,-47.499109,1.0
125,30,Designer,Alumínio,Gás,21,0.14501546044973543,Público,-31.433717,-66.160686,0.0
126,30,Estudante,Plástico,Butano,25,0.1353730467222222,Residência,-30.460891,-54.192924,1.0
127,42,Professor,Plástico,Butano,14,0.13424764992063493,Público,-31.433717,-66.160686,0.0
128,28,Designer,Metal,Butano,27,0.14010216287037036,Residência,-30.460891,-54.192924,0.0
129,31,Engenheiro,Plástico,Gás,16,0.1308694325,Público,-16.381199,-67.179035,0.0
130,56,Designer,Plástico,Gás,15,0.13493634394444445,Residência,-6.754531,-38.206906,0.0
131,56,Designer,Plástico,Gás,24,0.12833285224537036,Público,-16.381199,-67.179035,0.0
132,31,Motorista,Plástico,Gás,18,0.1286287422839506,Residência,-5.996671,-41.664106,1.0
133,60,,Metal,Butano,27,0.14262387505144034,Público,-16.660901,-37.125031,0.0
134,28,Designer,Plástico,Fluido,23,0.12949535829710146,Residência,-6.754531,-38.206906,0.0
135,39,Engenheiro,Plástico,Gás,25,0.1389228116888889,Público,-32.113504,-36.044579,0.0
136,54,,Metal,Butano,18,0.12933480841049383,Público,-9.966612,-59.729867,0.0
137,34,Motorista,Plástico,Gás,19,0.1305334041520468,Público,-22.728359,-63.146039,0.0
138,31,Engenheiro,Plástico,Fluido,23,0.1378212345410628,Público,-14.157242,-56.3939,0.0
139,45,Estudante,Metal,Butano,19,0.13572253273391813,Comércio,-25.166201,-70.093115,1.0
140,34,Estudante,Metal,Butano,20,0.13273645994444444,Residência,-33.002733,-37.627184,0.0
141,28,Designer,Plástico,Gás,13,0.12979202495726494,Público,-32.113504,-36.044579,1.0
142,30,Estudante,Plástico,Gás,24,0.13158078349537036,Público,-22.728359,-63.146039,0.0
143,28,Motorista,Plástico,Fluido,19,0.1321550114473684,Residência,-26.495381,-47.499109,0.0
144,35,Estudante,Alumínio,Gás,19,0.12537305798245615,Público,-24.960379,-53.197279,0.0
145,27,Artista,Plástico,Gás,13,0.12567133673076925,Residência,-32.688409,-60.986787,0.0
146,29,Professor,Plástico,Fluido,19,0.13292007597953215,Residência,-18.145402,-66.605822,1.0
147,27,Artista,Alumínio,Gás,17,0.1366693245751634,Público,-31.433717,-66.160686,0.0
148,42,Estudante,Plástico,Gás,23,0.13779717347826084,Público,-16.381199,-67.179035,0.0
149,34,Estudante,Plástico,Gás,19,0.13707577599415205,Público,-14.157242,-56.3939,0.0
150,60,Motorista,Plástico,Butano,14,0.1449905427777778,Público,-31.838031,-34.524523,0.0
151,24,,Metal,Butano,18,0.1347173660185185,Público,-16.381199,-67.179035,1.0
152,30,Designer,Plástico,Gás,20,0.13384862541666667,Residência,-30.460891,-54.192924,0.0
153,35,Estudante,Alumínio,Gás,15,0.13943658935185185,Comércio,-25.166201,-70.093115,0.0
154,25,Motorista,Plástico,Butano,29,0.12988789093869732,Residência,-5.996671,-41.664106,0.0
155,24,,Alumínio,Gás,17,0.1378457225490196,Residência,-18.145402,-66.605822,0.0
156,32,Estudante,Alumínio,Gás,17,0.12401624486928106,Público,-9.966612,-59.729867,0.0
157,32,Estudante,Alumínio,Gás,15,0.1374328916666667,Residência,-5.996671,-41.664106,1.0
158,29,Artista,Plástico,Fluido,21,0.13242995485449735,Residência,-32.688409,-60.986787,1.0
159,33,Designer,Metal,Butano,9,0.1378877939506173,Público,-31.433717,-66.160686,0.0
160,30,Estudante,Plástico,Gás,16,0.13232115317708332,Residência,-25.852899,-52.292157,1.0
161,39,Vendedor,Alumínio,Gás,16,0.14407153421875,Residência,-33.002733,-37.627184,0.0
162,25,Professor,Metal,Gás,19,0.1410852153654971,Público,-14.157242,-56.3939,0.0
163,56,Artista,Plástico,Butano,7,0.143629149484127,Público,-16.381199,-67.179035,1.0
164,49,Engenheiro,Plástico,Gás,23,0.1305933395772947,Residência,-6.754531,-38.206906,0.0
165,31,Artista,Plástico,Gás,20,0.12487105954166669,Público,-14.157242,-56.3939,0.0
166,22,Motorista,Plástico,Fluido,17,0.12712710454248363,Público,-16.660901,-37.125031,0.0
167,56,Vendedor,Alumínio,Gás,24,0.1353725599074074,Residência,-32.688409,-60.986787,1.0
168,33,Artista,Metal,Butano,28,0.13710864504960318,Público,-16.381199,-67.179035,0.0
169,30,Estudante,Alumínio,Gás,11,0.12738184707070707,Público,-24.960379,-53.197279,0.0
170,45,Estudante,Metal,Butano,24,0.1318365005787037,Residência,-26.495381,-47.499109,0.0
171,21,Designer,Plástico,Butano,19,0.13003395937134501,Residência,-26.495381,-47.499109,1.0
172,33,Artista,Metal,Butano,21,0.13237413792328045,Público,-5.882046,-42.994687,0.0
173,25,Professor,Plástico,Gás,18,0.12740278388888887,Residência,-33.002733,-37.627184,0.0
174,37,,Plástico,Gás,28,0.13378133304563491,Residência,-6.754531,-38.206906,0.0
175,29,Artista,Plástico,Gás,24,0.1337208067013889,Residência,-25.852899,-52.292157,0.0
176,44,Artista,Plástico,Fluido,19,0.13620015510233918,Público,-9.966612,-59.729867,0.0
177,30,Estudante,Alumínio,Gás,21,0.13088488832010578,Público,-16.381199,-67.179035,0.0
178,31,Artista,Alumínio,Gás,14,0.1408405029563492,Residência,-30.460891,-54.192924,0.0
179,30,Estudante,Plástico,Fluido,22,0.12546263536616162,Público,-5.882046,-42.994687,0.0
180,58,Estudante,Metal,Butano,25,0.1129089378888889,Comércio,-25.166201,-70.093115,0.0
181,31,,Plástico,Gás,15,0.13565024727777777,Residência,-29.913197,-41.912121,1.0
182,27,Motorista,Plástico,Gás,21,0.1404381521957672,Público,-16.660901,-37.125031,0.0
183,33,Artista,Plástico,Gás,20,0.12215810306944445,Público,-16.660901,-37.125031,1.0
184,44,Motorista,Alumínio,Gás,18,0.1286206185802469,Público,-24.960379,-53.197279,0.0
185,47,Motorista,Metal,Butano,22,0.12909587747474746,Público,-9.966612,-59.729867,0.0
186,44,Artista,Plástico,Gás,17,0.13334800919934642,Residência,-18.145402,-66.605822,0.0
187,42,Estudante,Plástico,Gás,25,0.1274118282111111,Público,-16.381199,-67.179035,0.0
188,27,Motorista,Alumínio,Gás,11,0.12549576345959595,Residência,-32.688409,-60.986787,1.0
189,22,Motorista,Metal,Gás,20,0.13270092155555555,Residência,-32.688409,-60.986787,0.0
190,25,Professor,Plástico,Gás,20,0.12427073320833333,Residência,-30.460891,-54.192924,1.0
191,48,Motorista,Plástico,Fluido,21,0.13568309195767198,Residência,-6.754531,-38.206906,0.0
192,29,Artista,Plástico,Fluido,20,0.13997150365277783,Público,-22.728359,-63.146039,0.0
193,34,Motorista,Plástico,Butano,19,0.13603378581871345,Comércio,-25.166201,-70.093115,1.0
194,31,Artista,Plástico,Gás,23,0.11822368357487922,Residência,-29.913197,-41.912121,0.0
195,34,Motorista,Plástico,Butano,16,0.14036664949652777,Comércio,-25.166201,-70.093115,0.0
196,56,Vendedor,Plástico,Butano,16,0.13248875729166668,Público,-9.966612,-59.729867,1.0
197,45,Estudante,Alumínio,Gás,22,0.126641217739899,Residência,-5.996671,-41.664106,0.0
198,28,Designer,Plástico,Gás,19,0.13828896301169594,Público,-24.960379,-53.197279,0.0
199,60,Motorista,Plástico,Gás,27,0.1253559589711934,Público,-16.660901,-37.125031,0.0
200,47,Engenheiro,Alumínio,Gás,14,0.11860336980158734,Público,-5.882046,-42.994687,0.0
201,30,Estudante,Alumínio,Gás,24,0.12563395229166666,Público,-9.966612,-59.729867,0.0
202,27,Motorista,Plástico,Butano,21,0.14275427033068783,Residência,-5.996671,-41.664106,0.0
203,45,Vendedor,Plástico,Butano,16,0.12982810387152777,Público,-16.381199,-67.179035,0.0
204,56,Professor,Plástico,Butano,9,0.12408285188271605,Público,-22.728359,-63.146039,0.0
205,25,Professor,Alumínio,Gás,20,0.13065208773611112,Residência,-5.996671,-41.664106,0.0
206,30,Médico,Plástico,Gás,19,0.13829781286549706,Residência,-25.852899,-52.292157,0.0
207,31,Motorista,Alumínio,Gás,23,0.1241756593236715,Residência,-33.002733,-37.627184,0.0
208,44,Artista,Metal,Butano,27,0.13505222415637863,Residência,-29.913197,-41.912121,0.0
209,37,,Plástico,Gás,30,0.1385285473888889,Público,-16.381199,-67.179035,1.0
210,59,Professor,Plástico,Gás,18,0.13212437512345676,Residência,-29.913197,-41.912121,0.0
211,56,Designer,Plástico,Gás,21,0.1423987832671958,Residência,-30.460891,-54.192924,0.0
212,48,Vendedor,Plástico,Gás,22,0.1216799724747475,Público,-31.433717,-66.160686,0.0
213,33,,Alumínio,Gás,23,0.13735722555555552,Público,-14.157242,-56.3939,0.0
214,60,Motorista,Plástico,Fluido,20,0.13539071243055556,Residência,-29.913197,-41.912121,0.0
215,45,Estudante,Plástico,Fluido,20,0.13814850452777777,Público,-16.381199,-67.179035,0.0
216,42,Designer,Alumínio,Gás,12,0.12727483861111108,Público,-22.728359,-63.146039,0.0
217,60,Motorista,Plástico,Gás,19,0.14002809337719302,Público,-5.882046,-42.994687,0.0
218,35,Estudante,Plástico,Gás,20,0.14293309054166664,Público,-24.960379,-53.197279,0.0
219,33,Motorista,Plástico,Fluido,24,0.13172112797453703,Comércio,-25.166201,-70.093115,0.0
220,19,Médico,Plástico,Gás,19,0.13799888125730994,Público,-22.728359,-63.146039,0.0
221,21,Médico,Alumínio,Gás,16,0.13323870298611112,Residência,-5.996671,-41.664106,0.0
222,34,Estudante,Plástico,Gás,20,0.143120336125,Residência,-32.688409,-60.986787,0.0
223,26,Vendedor,Plástico,Gás,21,0.13538413513227512,Residência,-5.996671,-41.664106,0.0
224,42,Designer,Plástico,Butano,19,0.12942741318713452,Residência,-30.460891,-54.192924,1.0
225,35,Engenheiro,Metal,Gás,21,0.1304765643915344,Residência,-5.996671,-41.664106,0.0
226,42,Vendedor,Plástico,Gás,25,0.12759974665555557,Residência,-18.145402,-66.605822,0.0
227,28,Designer,Metal,Butano,29,0.13713108740421456,Público,-16.660901,-37.125031,0.0
228,25,Professor,Plástico,Fluido,22,0.1339942561868687,Residência,-6.754531,-38.206906,0.0
229,39,Vendedor,Metal,Gás,14,0.13908071404761904,Residência,-6.754531,-38.206906,0.0
230,56,Designer,Alumínio,Gás,23,0.12697037643719808,Público,-22.728359,-63.146039,1.0
231,34,Estudante,Metal,Butano,15,0.13756714594444444,Público,-14.157242,-56.3939,1.0
232,33,Motorista,Plástico,Gás,26,0.12545681630341882,Residência,-29.913197,-41.912121,0.0
233,28,Motorista,Metal,Butano,24,0.1351721827314815,Residência,-5.996671,-41.664106,0.0
234,31,Artista,Alumínio,Gás,23,0.12667447731884057,Público,-22.728359,-63.146039,0.0
235,35,Estudante,Plástico,Gás,17,0.13834114075163398,Residência,-25.852899,-52.292157,1.0
236,30,Designer,Plástico,Gás,25,0.1317426001111111,Residência,-18.145402,-66.605822,0.0
237,59,Motorista,Plástico,Butano,28,0.13667860656746034,Residência,-30.460891,-54.192924,0.0
238,60,Motorista,Plástico,Gás,23,0.13619271002415456,Público,-16.381199,-67.179035,0.0
239,60,,Plástico,Gás,17,0.12918622292483659,Público,-16.381199,-67.179035,0.0
240,30,Designer,Plástico,Fluido,21,0.12577741,Público,-16.660901,-37.125031,0.0
241,36,,Plástico,Gás,20,0.12582008597222222,Residência,-29.913197,-41.912121,0.0
242,39,Professor,Plástico,Gás,23,0.1236321406521739,Residência,-25.852899,-52.292157,0.0
243,35,Engenheiro,Metal,Butano,19,0.12770956049707602,Público,-31.433717,-66.160686,0.0
244,32,,Plástico,Fluido,17,0.135460439248366,Comércio,-25.166201,-70.093115,1.0
245,44,Artista,Metal,Butano,18,0.1319712562345679,Público,-16.660901,-37.125031,0.0
246,35,Estudante,Plástico,Gás,20,0.1269665847638889,Residência,-25.852899,-52.292157,0.0
247,32,,Plástico,Fluido,21,0.1333949178968254,Público,-24.960379,-53.197279,0.0
248,28,Designer,Alumínio,Gás,23,0.12785961971014492,Residência,-29.913197,-41.912121,0.0
249,20,Vendedor,Metal,Butano,22,0.13093726800505048,Público,-31.433717,-66.160686,1.0
250,44,Motorista,Metal,Butano,16,0.1395752984375,Residência,-30.460891,-54.192924,1.0
251,32,,Alumínio,Gás,25,0.13281287916666668,Público,-9.966612,-59.729867,0.0
252,39,Engenheiro,Plástico,Gás,26,0.139475361741453,Residência,-26.495381,-47.499109,0.0
253,34,Motorista,Metal,Butano,25,0.13523879162222222,Público,-16.660901,-37.125031,0.0
254,52,Motorista,Plástico,Butano,20,0.1345870431527778,Público,-24.960379,-53.197279,1.0
255,56,Designer,Metal,Butano,32,0.13641242690972222,Público,-16.381199,-67.179035,1.0
256,30,Médico,Plástico,Fluido,19,0.12960292470760235,Público,-24.960379,-53.197279,0.0
257,40,Professor,Plástico,Butano,16,0.12488315427083332,Residência,-25.852899,-52.292157,0.0
258,48,Professor,Plástico,Gás,28,0.13119363499007936,Residência,-29.913197,-41.912121,0.0
259,47,Engenheiro,Plástico,Fluido,17,0.13587365687908498,Residência,-30.460891,-54.192924,0.0
260,33,,Metal,Gás,31,0.1316869723924731,Residência,-30.460891,-54.192924,0.0
261,28,Designer,Plástico,Gás,11,0.12935964171717174,Público,-9.966612,-59.729867,0.0
262,28,Estudante,Plástico,Fluido,24,0.13752498015046297,Residência,-26.495381,-47.499109,0.0
263,29,Artista,Plástico,Fluido,12,0.13927703287037035,Público,-16.660901,-37.125031,1.0
264,32,Artista,Alumínio,Gás,21,0.1244090631084656,Residência,-18.145402,-66.605822,1.0
265,60,Designer,Plástico,Gás,23,0.13535332688405796,Residência,-30.460891,-54.192924,1.0
266,44,Motorista,Metal,Butano,19,0.12771021071637426,Público,-24.960379,-53.197279,0.0
267,30,Médico,Plástico,Gás,27,0.12705517380658438,Público,-31.838031,-34.524523,0.0
268,30,Estudante,Plástico,Gás,17,0.13640358320261436,Público,-24.960379,-53.197279,0.0
269,40,Professor,Alumínio,Gás,27,0.12985751631687245,Residência,-30.460891,-54.192924,0.0
270,42,Designer,Plástico,Gás,12,0.13246240261574074,Público,-31.838031,-34.524523,0.0
271,42,Estudante,Plástico,Butano,23,0.13114351852657005,Público,-32.113504,-36.044579,0.0
272,27,Vendedor,Plástico,Fluido,18,0.13310049325617287,Residência,-32.688409,-60.986787,1.0
273,25,Designer,Plástico,Fluido,12,0.12720927696759257,Residência,-5.996671,-41.664106,0.0
274,54,Professor,Plástico,Fluido,23,0.13812943201690822,Comércio,-25.166201,-70.093115,1.0
275,24,,Plástico,Fluido,18,0.13062650145061727,Residência,-25.852899,-52.292157,0.0
276,20,Vendedor,Plástico,Gás,26,0.13981127541666666,Residência,-29.913197,-41.912121,1.0
277,52,Motorista,Alumínio,Gás,21,0.128570085026455,Público,-14.157242,-56.3939,0.0
278,49,Engenheiro,Plástico,Fluido,16,0.12958671506944444,Público,-31.838031,-34.524523,0.0
279,45,Estudante,Plástico,Gás,17,0.13460224467320261,Público,-9.966612,-59.729867,0.0
280,27,Motorista,Plástico,Fluido,20,0.13567542224999996,Público,-16.660901,-37.125031,0.0
281,21,Médico,Plástico,Gás,23,0.13207268553140097,Público,-9.966612,-59.729867,0.0
282,30,Estudante,Metal,Butano,22,0.13430780590909092,Residência,-33.002733,-37.627184,0.0
283,42,Designer,Plástico,Fluido,15,0.12287502785185186,Residência,-26.495381,-47.499109,0.0
284,27,Vendedor,Plástico,Gás,18,0.13067833458333333,Residência,-26.495381,-47.499109,1.0
285,30,Médico,Plástico,Butano,23,0.12510998921497585,Público,-31.433717,-66.160686,0.0
286,56,Professor,Plástico,Gás,19,0.13566518229532165,Comércio,-25.166201,-70.093115,0.0
287,23,Artista,Alumínio,Gás,26,0.1402188872008547,Público,-14.157242,-56.3939,1.0
288,39,Professor,Plástico,Gás,17,0.11867780292483661,Público,-16.381199,-67.179035,0.0
289,34,Estudante,Plástico,Gás,23,0.1297876620772947,Público,-32.113504,-36.044579,0.0
290,31,Artista,Plástico,Butano,19,0.13023570479532162,Residência,-25.852899,-52.292157,0.0
291,39,Estudante,Metal,Butano,23,0.13125245532608695,Residência,-25.852899,-52.292157,0.0
292,31,Estudante,Metal,Butano,22,0.13789135768939392,Residência,-18.145402,-66.605822,0.0
293,35,Engenheiro,Plástico,Gás,22,0.1398229988131313,Público,-5.882046,-42.994687,0.0
294,48,Vendedor,Alumínio,Gás,26,0.13965215395299144,Público,-24.960379,-53.197279,0.0
295,30,Médico,Alumínio,Gás,25,0.13729018047777777,Público,-32.113504,-36.044579,0.0
296,31,Artista,Plástico,Gás,25,0.13534158615555555,Comércio,-25.166201,-70.093115,0.0
297,52,Médico,Plástico,Gás,19,0.12009132692982456,Público,-16.381199,-67.179035,0.0
298,42,Vendedor,Plástico,Fluido,23,0.1338554229830918,Público,-16.381199,-67.179035,0.0
299,35,Engenheiro,Plástico,Gás,18,0.12942134453703705,Residência,-18.145402,-66.605822,0.0
300,19,Médico,Plástico,Butano,14,0.12978899609126984,Público,-32.113504,-36.044579,0.0
301,25,Motorista,Plástico,Butano,18,0.13149583853395064,Residência,-5.996671,-41.664106,1.0
302,42,Professor,Plástico,Butano,25,0.1271175105,Público,-16.381199,-67.179035,0.0
303,33,Artista,Plástico,Gás,26,0.1303941797008547,Público,-31.838031,-34.524523,0.0
304,35,Engenheiro,Alumínio,Gás,21,0.14098699896825398,Comércio,-25.166201,-70.093115,0.0
305,34,Motorista,Alumínio,Gás,17,0.13215157459150326,Residência,-25.852899,-52.292157,0.0
306,28,Estudante,Metal,Gás,24,0.13876497186342593,Público,-31.838031,-34.524523,1.0
307,25,Professor,Alumínio,Gás,16,0.12989017244791667,Público,-22.728359,-63.146039,0.0
308,30,Médico,Metal,Butano,23,0.13016712909420292,Público,-16.660901,-37.125031,0.0
309,56,Designer,Metal,Butano,23,0.13375395128019324,Público,-24.960379,-53.197279,0.0
310,28,Designer,Metal,Butano,26,0.12706776914529916,Público,-31.838031,-34.524523,0.0
311,49,Engenheiro,Plástico,Fluido,23,0.12693331763285023,Público,-24.960379,-53.197279,0.0
312,44,Motorista,Metal,Gás,22,0.13088178643939394,Público,-5.882046,-42.994687,0.0
313,56,Vendedor,Metal,Butano,20,0.14258376618055557,Residência,-32.688409,-60.986787,1.0
314,56,Vendedor,Metal,Butano,19,0.1306593212134503,Público,-24.960379,-53.197279,0.0
315,31,Engenheiro,Plástico,Fluido,24,0.13645108774305556,Público,-16.660901,-37.125031,0.0
316,27,Artista,Plástico,Gás,18,0.13145704682098763,Residência,-25.852899,-52.292157,0.0
317,45,Estudante,Plástico,Fluido,18,0.14403145584876542,Residência,-33.002733,-37.627184,0.0
318,32,Artista,Plástico,Fluido,16,0.13533021395833333,Público,-16.381199,-67.179035,0.0
319,25,Motorista,Plástico,Butano,14,0.13338334521825398,Público,-31.838031,-34.524523,1.0
320,35,Estudante,Plástico,Fluido,20,0.1245976377361111,Residência,-5.996671,-41.664106,0.0
321,48,Motorista,Plástico,Butano,14,0.13099254694444445,Público,-9.966612,-59.729867,0.0
322,25,Designer,Plástico,Gás,13,0.13133305925213673,Residência,-6.754531,-38.206906,1.0
323,25,Professor,Alumínio,Gás,18,0.13420032100308643,Público,-31.838031,-34.524523,0.0
324,44,Motorista,Alumínio,Gás,16,0.13415952722222224,Residência,-5.996671,-41.664106,0.0
325,39,Engenheiro,Plástico,Gás,22,0.12302001773989896,Residência,-33.002733,-37.627184,1.0
326,30,Estudante,Alumínio,Gás,20,0.12272226870833336,Comércio,-25.166201,-70.093115,0.0
327,39,Vendedor,Plástico,Butano,16,0.118296068125,Público,-24.960379,-53.197279,1.0
328,19,Médico,Plástico,Fluido,28,0.13526121622023807,Público,-31.433717,-66.160686,0.0
329,33,Motorista,Plástico,Gás,18,0.12293320172839506,Residência,-26.495381,-47.499109,1.0
330,27,Artista,Plástico,Gás,25,0.125981003,Residência,-29.913197,-41.912121,0.0
331,25,Designer,Plástico,Gás,22,0.15047456984848484,Residência,-29.913197,-41.912121,0.0
332,60,Motorista,Plástico,Fluido,15,0.13801676696296297,Residência,-33.002733,-37.627184,0.0
333,45,Estudante,Plástico,Gás,10,0.13848636341666667,Público,-14.157242,-56.3939,0.0
334,39,Estudante,Plástico,Gás,21,0.12328276203703703,Residência,-18.145402,-66.605822,0.0
335,39,Estudante,Alumínio,Gás,18,0.1405878227777778,Residência,-25.852899,-52.292157,0.0
336,31,Motorista,Plástico,Fluido,21,0.1321247605952381,Residência,-18.145402,-66.605822,0.0
337,30,Médico,Metal,Butano,24,0.1353241886111111,Residência,-29.913197,-41.912121,0.0
338,24,,Plástico,Butano,26,0.1268752654059829,Público,-9.966612,-59.729867,0.0
339,42,Designer,Plástico,Gás,15,0.1305762229814815,Público,-31.838031,-34.524523,1.0
340,42,Designer,Alumínio,Gás,20,0.131840436625,Comércio,-25.166201,-70.093115,0.0
341,26,,Plástico,Gás,21,0.12651786164021164,Público,-14.157242,-56.3939,1.0
342,32,Artista,Plástico,Butano,22,0.13100332470959594,Público,-22.728359,-63.146039,0.0
343,28,Designer,Plástico,Gás,25,0.1271762782888889,Residência,-30.460891,-54.192924,0.0
344,42,Estudante,Plástico,Gás,16,0.13743799262152778,Público,-31.838031,-34.524523,0.0
345,30,Designer,Alumínio,Gás,23,0.1230544819927536,Residência,-33.002733,-37.627184,0.0
346,29,Artista,Metal,Butano,22,0.14594383695707072,Residência,-30.460891,-54.192924,0.0
347,60,Motorista,Metal,Butano,25,0.13184183485555556,Residência,-6.754531,-38.206906,1.0
348,56,Designer,Plástico,Gás,19,0.11384553343567252,Residência,-6.754531,-38.206906,1.0
349,26,Vendedor,Plástico,Gás,9,0.13084087388888888,Residência,-33.002733,-37.627184,0.0
350,39,Vendedor,Plástico,Fluido,25,0.12542135041111113,Público,-32.113504,-36.044579,1.0
351,45,Estudante,Metal,Butano,24,0.13162914850694443,Público,-5.882046,-42.994687,1.0
352,28,Motorista,Metal,Butano,25,0.13318989833333336,Comércio,-25.166201,-70.093115,0.0
353,60,Motorista,Plástico,Gás,15,0.1230986109074074,Residência,-29.913197,-41.912121,0.0
354,52,Motorista,Plástico,Butano,18,0.14458518287037037,Comércio,-25.166201,-70.093115,1.0
355,34,Estudante,Plástico,Butano,18,0.12813661945987656,Residência,-32.688409,-60.986787,0.0
356,45,Estudante,Metal,Butano,22,0.13676705011363635,Público,-24.960379,-53.197279,0.0
357,59,Professor,Metal,Butano,25,0.1290881137111111,Residência,-33.002733,-37.627184,1.0
358,33,Designer,Plástico,Gás,18,0.13576442749999998,Público,-22.728359,-63.146039,0.0
359,25,Designer,Plástico,Butano,21,0.12838045048941799,Residência,-25.852899,-52.292157,0.0
360,34,Motorista,Metal,Gás,20,0.14054054705555558,Público,-22.728359,-63.146039,0.0
361,45,Estudante,Plástico,Fluido,17,0.1429535547222222,Público,-32.113504,-36.044579,0.0
362,56,Designer,Plástico,Gás,15,0.1340063918703704,Público,-9.966612,-59.729867,0.0
363,25,Motorista,Alumínio,Gás,20,0.13348418729166664,Residência,-6.754531,-38.206906,0.0
364,25,Designer,Alumínio,Gás,20,0.13533616790277778,Comércio,-25.166201,-70.093115,1.0
365,23,Artista,Plástico,Gás,18,0.1423775300771605,Residência,-18.145402,-66.605822,0.0
366,57,Motorista,Plástico,Gás,16,0.13038722411458334,Comércio,-25.166201,-70.093115,1.0
367,33,Artista,Metal,Butano,24,0.12916789559027778,Público,-5.882046,-42.994687,0.0
368,34,Motorista,Plástico,Fluido,20,0.12690043568055556,Público,-5.882046,-42.994687,1.0
369,33,,Plástico,Butano,24,0.13342458315972225,Público,-16.381199,-67.179035,1.0
370,52,Motorista,Plástico,Gás,12,0.13358639685185184,Residência,-32.688409,-60.986787,0.0
371,21,Designer,Metal,Butano,29,0.12109579609195403,Público,-16.381199,-67.179035,1.0
372,27,Motorista,Plástico,Butano,19,0.14221616119883043,Público,-31.433717,-66.160686,0.0
373,34,Motorista,Alumínio,Gás,17,0.12308875504901963,Público,-32.113504,-36.044579,0.0
374,22,Motorista,Plástico,Gás,22,0.11630064373737374,Público,-14.157242,-56.3939,0.0
375,45,Vendedor,Alumínio,Gás,15,0.14312133742592595,Residência,-33.002733,-37.627184,0.0
376,39,Vendedor,Plástico,Fluido,18,0.12501598658950616,Residência,-29.913197,-41.912121,0.0
377,30,Estudante,Metal,Butano,19,0.13847934764619882,Residência,-26.495381,-47.499109,0.0
378,48,Vendedor,Plástico,Gás,15,0.13050924925925927,Residência,-26.495381,-47.499109,0.0
379,19,Médico,Plástico,Gás,24,0.13442045631944444,Residência,-32.688409,-60.986787,0.0
380,28,Designer,Alumínio,Gás,17,0.13299763475490198,Público,-31.838031,-34.524523,1.0
381,52,Médico,Plástico,Fluido,21,0.12726389634920637,Residência,-25.852899,-52.292157,0.0
382,29,Estudante,Plástico,Gás,20,0.14630287705555559,Público,-22.728359,-63.146039,0.0
383,56,Designer,Plástico,Gás,17,0.13433159877450981,Público,-16.660901,-37.125031,0.0
384,45,Estudante,Plástico,Gás,19,0.1300811475877193,Residência,-25.852899,-52.292157,0.0
385,31,,Metal,Gás,18,0.1392145997993827,Residência,-29.913197,-41.912121,1.0
386,22,Motorista,Plástico,Fluido,21,0.13242137984126984,Público,-16.381199,-67.179035,0.0
387,56,Vendedor,Plástico,Gás,20,0.13031499381944445,Residência,-6.754531,-38.206906,0.0
388,47,Motorista,Metal,Butano,21,0.13595217953703703,Público,-31.433717,-66.160686,0.0
389,33,Artista,Plástico,Gás,25,0.12973555522222224,Residência,-25.852899,-52.292157,0.0
390,58,Estudante,Metal,Butano,17,0.1304308174509804,Residência,-33.002733,-37.627184,0.0
391,34,Estudante,Metal,Butano,23,0.12782435047101448,Comércio,-25.166201,-70.093115,0.0
392,20,Motorista,Plástico,Gás,29,0.1337108406704981,Público,-31.433717,-66.160686,0.0
393,35,Artista,Metal,Gás,16,0.13532181802083332,Residência,-30.460891,-54.192924,0.0
394,34,Motorista,Plástico,Fluido,20,0.13293597418055553,Público,-22.728359,-63.146039,0.0
395,45,Estudante,Plástico,Fluido,17,0.11858328370915032,Residência,-18.145402,-66.605822,0.0
396,27,Vendedor,Metal,Butano,15,0.12848508003703704,Comércio,-25.166201,-70.093115,0.0
397,34,Motorista,Plástico,Gás,19,0.12678223849415204,Residência,-25.852899,-52.292157,0.0
398,39,Estudante,Alumínio,Gás,28,0.12668854666666668,Público,-9.966612,-59.729867,1.0
399,29,Artista,Plástico,Gás,19,0.13356246788011694,Residência,-6.754531,-38.206906,0.0
400,32,Artista,Plástico,Fluido,22,0.13239465066919195,Público,-24.960379,-53.197279,0.0
401,41,Vendedor,Plástico,Gás,24,0.12762192994212962,Residência,-30.460891,-54.192924,0.0
402,56,Professor,Metal,Butano,19,0.12470471270467838,Residência,-32.688409,-60.986787,1.0
403,52,Médico,Metal,Butano,20,0.1310512668888889,Público,-16.660901,-37.125031,0.0
404,52,Motorista,Plástico,Gás,20,0.13824855975,Residência,-29.913197,-41.912121,0.0
405,39,Vendedor,Plástico,Gás,25,0.12578464596666664,Público,-24.960379,-53.197279,0.0
406,42,Estudante,Metal,Butano,16,0.13281838296874998,Público,-16.381199,-67.179035,0.0
407,41,,Plástico,Butano,24,0.13940139538194443,Público,-24.960379,-53.197279,0.0
408,30,Designer,Plástico,Gás,18,0.11867660007716051,Residência,-18.145402,-66.605822,0.0
409,44,Motorista,Plástico,Fluido,16,0.14397653677083333,Residência,-25.852899,-52.292157,0.0
410,56,Vendedor,Plástico,Fluido,26,0.1287313710363248,Residência,-5.996671,-41.664106,1.0
411,35,Estudante,Alumínio,Gás,12,0.1290232913888889,Residência,-6.754531,-38.206906,0.0
412,35,,Metal,Butano,17,0.12910632622549018,Comércio,-25.166201,-70.093115,1.0
413,31,Engenheiro,Plástico,Gás,22,0.13719861329545455,Residência,-33.002733,-37.627184,0.0
414,40,Professor,Plástico,Gás,21,0.1348727950132275,Público,-24.960379,-53.197279,1.0
415,33,Artista,Plástico,Gás,23,0.13443797120772946,Residência,-26.495381,-47.499109,0.0
416,33,Motorista,Plástico,Fluido,23,0.1259047799637681,Residência,-5.996671,-41.664106,0.0
417,24,,Alumínio,Gás,16,0.11873650798611113,Público,-9.966612,-59.729867,1.0
418,56,Designer,Plástico,Fluido,15,0.12746267333333333,Residência,-5.996671,-41.664106,1.0
419,40,Professor,Metal,Gás,24,0.1333828286921296,Público,-16.660901,-37.125031,1.0
420,33,Artista,Plástico,Butano,18,0.13757501197530864,Público,-24.960379,-53.197279,0.0
421,45,Vendedor,Alumínio,Gás,19,0.12771205099415206,Público,-31.433717,-66.160686,0.0
422,26,Vendedor,Plástico,Gás,17,0.1287901542156863,Público,-22.728359,-63.146039,0.0
423,32,Estudante,Plástico,Butano,19,0.13442012833333336,Residência,-6.754531,-38.206906,1.0
424,42,Designer,Plástico,Gás,20,0.13536665711111112,Público,-14.157242,-56.3939,0.0
425,33,,Alumínio,Gás,23,0.1313614077536232,Público,-31.838031,-34.524523,0.0
426,31,Engenheiro,Metal,Gás,21,0.1332215152116402,Residência,-30.460891,-54.192924,0.0
427,44,Artista,Plástico,Butano,16,0.13303619821180557,Público,-5.882046,-42.994687,0.0
428,33,,Plástico,Gás,19,0.1368682272953216,Residência,-5.996671,-41.664106,0.0
429,29,Professor,Alumínio,Gás,19,0.13341685232456138,Público,-24.960379,-53.197279,0.0
430,31,,Plástico,Fluido,22,0.12783694914141416,Comércio,-25.166201,-70.093115,1.0
431,35,Estudante,Plástico,Gás,24,0.13524759730324074,Residência,-32.688409,-60.986787,0.0
432,25,Designer,Plástico,Fluido,22,0.11833293645202021,Público,-14.157242,-56.3939,1.0
433,42,Designer,Plástico,Gás,19,0.1293350186111111,Residência,-32.688409,-60.986787,0.0
434,31,Engenheiro,Plástico,Butano,16,0.12871181298611112,Público,-14.157242,-56.3939,0.0
435,39,Vendedor,Metal,Butano,24,0.12455911791666667,Público,-31.838031,-34.524523,0.0
436,35,Artista,Plástico,Fluido,14,0.13620933267857144,Público,-16.381199,-67.179035,0.0
437,31,Artista,Plástico,Gás,22,0.12799469012626263,Público,-14.157242,-56.3939,1.0
438,41,,Alumínio,Gás,17,0.12662635387254903,Residência,-29.913197,-41.912121,0.0
439,54,,Plástico,Fluido,22,0.14200538684343436,Residência,-5.996671,-41.664106,0.0
440,29,Artista,Plástico,Gás,24,0.13208874791666667,Residência,-30.460891,-54.192924,0.0
441,60,Motorista,Plástico,Gás,25,0.12336333142222224,Residência,-6.754531,-38.206906,0.0
442,35,Artista,Metal,Butano,18,0.13267022589506172,Residência,-25.852899,-52.292157,1.0
443,29,Professor,Metal,Gás,22,0.1320454212878788,Público,-24.960379,-53.197279,1.0
444,28,Designer,Plástico,Butano,19,0.12143113374269006,Residência,-5.996671,-41.664106,0.0
445,44,Artista,Plástico,Fluido,20,0.12542724558333332,Público,-31.838031,-34.524523,0.0
446,52,Médico,Plástico,Gás,20,0.13780336661111112,Residência,-25.852899,-52.292157,1.0
447,60,Motorista,Alumínio,Gás,20,0.12874063445833334,Público,-14.157242,-56.3939,0.0
448,27,Artista,Metal,Butano,26,0.13831274431623933,Residência,-33.002733,-37.627184,0.0
449,44,Artista,Plástico,Gás,25,0.12028085147777778,Residência,-26.495381,-47.499109,0.0
450,59,Motorista,Metal,Butano,17,0.1262953791013072,Residência,-30.460891,-54.192924,0.0
451,60,Motorista,Plástico,Fluido,22,0.12785545474747473,Comércio,-25.166201,-70.093115,0.0
452,42,Designer,Plástico,Gás,21,0.13326749223544973,Público,-9.966612,-59.729867,0.0
453,31,Engenheiro,Plástico,Fluido,17,0.13688615395424836,Residência,-33.002733,-37.627184,0.0
454,28,Estudante,Metal,Butano,24,0.13845944550925926,Público,-16.660901,-37.125031,0.0
455,30,Médico,Plástico,Gás,18,0.14093279851851853,Residência,-5.996671,-41.664106,0.0
456,60,Motorista,Plástico,Fluido,26,0.1345802940491453,Residência,-18.145402,-66.605822,0.0
457,33,,Plástico,Gás,20,0.13350832756944445,Público,-16.660901,-37.125031,0.0
458,42,Professor,Plástico,Fluido,24,0.13538178967592593,Residência,-33.002733,-37.627184,1.0
459,39,Vendedor,Alumínio,Gás,16,0.13447739223958333,Residência,-5.996671,-41.664106,0.0
460,26,Vendedor,Plástico,Gás,22,0.1336638911237374,Público,-16.381199,-67.179035,0.0
461,31,Estudante,Alumínio,Gás,21,0.1321177271164021,Residência,-5.996671,-41.664106,0.0
462,26,,Metal,Gás,16,0.11767722815972222,Público,-24.960379,-53.197279,0.0
463,48,Professor,Metal,Gás,13,0.13759859395299145,Residência,-32.688409,-60.986787,0.0
464,39,Vendedor,Plástico,Gás,22,0.13386079063131315,Público,-32.113504,-36.044579,1.0
465,48,Vendedor,Plástico,Gás,18,0.12650572160493828,Público,-22.728359,-63.146039,0.0
466,36,,Alumínio,Gás,23,0.12192018281400967,Residência,-6.754531,-38.206906,1.0
467,56,Artista,Alumínio,Gás,28,0.1362792317857143,Público,-31.433717,-66.160686,1.0
468,24,,Plástico,Butano,20,0.13109614768055555,Residência,-6.754531,-38.206906,1.0
469,59,Motorista,Plástico,Butano,20,0.13577500368055556,Público,-5.882046,-42.994687,0.0
470,27,Artista,Plástico,Fluido,20,0.13955862341666667,Residência,-32.688409,-60.986787,0.0
471,42,Estudante,Metal,Butano,21,0.13556977996031744,Público,-9.966612,-59.729867,1.0
472,28,Estudante,Plástico,Gás,16,0.14237032015625,Residência,-18.145402,-66.605822,0.0
473,29,Professor,Metal,Gás,23,0.13857577647342997,Residência,-30.460891,-54.192924,1.0
474,36,,Plástico,Butano,20,0.1357061331388889,Residência,-32.688409,-60.986787,0.0
475,32,Artista,Plástico,Gás,21,0.13138718251322754,Comércio,-25.166201,-70.093115,0.0
476,42,Designer,Alumínio,Gás,13,0.13123244414529917,Público,-16.660901,-37.125031,1.0
477,24,,Plástico,Gás,21,0.13422042994709,Residência,-32.688409,-60.986787,0.0
478,58,Vendedor,Alumínio,Gás,22,0.13208014055555556,Residência,-18.145402,-66.605822,0.0
479,33,Artista,Metal,Butano,23,0.12729436602657004,Residência,-6.754531,-38.206906,1.0
480,28,Designer,Alumínio,Gás,17,0.13224225846405227,Público,-31.838031,-34.524523,0.0
481,40,Professor,Plástico,Butano,17,0.13945017926470588,Comércio,-25.166201,-70.093115,0.0
482,49,Engenheiro,Metal,Butano,21,0.13905879298941795,Público,-22.728359,-63.146039,0.0
483,33,Designer,Plástico,Fluido,32,0.1348415827951389,Residência,-26.495381,-47.499109,0.0
484,35,Engenheiro,Plástico,Gás,20,0.1350764735277778,Público,-31.433717,-66.160686,0.0
485,58,Estudante,Plástico,Butano,20,0.1434528662638889,Residência,-32.688409,-60.986787,0.0
486,59,Professor,Plástico,Gás,21,0.12465061649470899,Público,-32.113504,-36.044579,0.0
487,33,Designer,Metal,Butano,27,0.13783527917695473,Público,-22.728359,-63.146039,0.0
488,31,Estudante,Alumínio,Gás,20,0.13193731272222226,Residência,-5.996671,-41.664106,0.0
489,48,Vendedor,Plástico,Gás,26,0.12859175892094016,Residência,-5.996671,-41.664106,1.0
490,30,Estudante,Alumínio,Gás,23,0.13454462849033816,Residência,-25.852899,-52.292157,0.0
491,34,Motorista,Plástico,Fluido,14,0.12000443176587304,Residência,-33.002733,-37.627184,0.0
492,28,Estudante,Metal,Gás,17,0.12182739281045751,Residência,-25.852899,-52.292157,0.0
493,29,Artista,Alumínio,Gás,19,0.14491352336257307,Público,-14.157242,-56.3939,0.0
494,30,Designer,Plástico,Gás,19,0.13556913081871347,Residência,-29.913197,-41.912121,0.0
495,41,,Plástico,Gás,11,0.13267849982323232,Público,-16.660901,-37.125031,0.0
496,42,Designer,Alumínio,Gás,20,0.1252873684027778,Público,-31.838031,-34.524523,0.0
497,31,Engenheiro,Plástico,Fluido,17,0.12561783879084967,Público,-24.960379,-53.197279,0.0
498,21,Médico,Plástico,Gás,17,0.1344486600653595,Público,-5.882046,-42.994687,0.0
499,44,Motorista,Metal,Butano,19,0.13388045261695905,Residência,-26.495381,-47.499109,0.0
500,29,Artista,Plástico,Gás,13,0.13507290561965812,Residência,-18.145402,-66.605822,1.0
